,date,ozone,temperature,relative_humidity,numdeaths
1,2002-01-01,4.586224556,-0.225000009,75.67829895,199
2,2002-01-02,4.876852512,0.087499954,77.52500153,231
3,2002-01-03,4.707875252,0.850000024,81.32499695,210
4,2002-01-04,4.137461185,0.537500024,85.44999695,203
5,2002-01-05,2.005846262,4.25,93.52500153,224
6,2002-01-06,2.401445866,7.068749905,96.40000153,198
7,2002-01-07,4.082940102,5.1875,93.52500153,180
8,2002-01-08,3.127579927,3.512500048,81.5,188
9,2002-01-09,2.052420139,3.224999905,88.32499695,168
10,2002-01-10,5.186887264,5.324999809,85.40000153,194
11,2002-01-11,3.591538906,2.993750095,92.59999847,223
12,2002-01-12,12.86544323,4.762499809,94.17500305,201
13,2002-01-13,17.6133709,8.181249619,91.42500305,204
14,2002-01-14,18.69501686,9.293749809,89.17500305,184
15,2002-01-15,15.95137882,7.237499714,82.82499695,191
16,2002-01-16,9.604250908,4.237499714,83.32499695,181
17,2002-01-17,27.54545403,6.518750191,88.42500305,179
18,2002-01-18,18.27272797,4.643750191,83.32499695,172
19,2002-01-19,44.27272797,7.118750095,70,167
20,2002-01-20,49.90909195,8.931249619,85.80000305,167
21,2002-01-21,38.09090805,10.83749962,81.22499847,189
22,2002-01-22,43.09090805,9.043749809,71.32500458,183
23,2002-01-23,46.90909195,9.287500381,83.22499847,193
24,2002-01-24,34.54545593,8.5625,76.02500153,173
25,2002-01-25,26,6.618750095,80.94999695,177
26,2002-01-26,60.63636398,9.243749619,84.55000305,174
27,2002-01-27,42.45454407,10.45625019,90.30000305,169
28,2002-01-28,56.09464264,10.33125019,61.47499847,204
29,2002-01-29,38.11042023,10.90625,77.52500153,164
30,2002-01-30,33.01515579,11.13125038,82.9750061,160
31,2002-01-31,46.71896362,8.481249809,72.69999695,192
32,2002-02-01,58.20595932,9.856249809,78.55000305,173
33,2002-02-02,60.52612305,12.18124962,73.02500153,167
34,2002-02-03,39.26398849,9.53125,79.55000305,180
35,2002-02-04,44.39678574,8.056249619,89.17500305,143
36,2002-02-05,48.00188446,9.581250191,76.55000305,194
37,2002-02-06,33.9189949,7.25,64.05000305,148
38,2002-02-07,21.53743172,6.300000191,79.32499695,144
39,2002-02-08,28.50093651,9.487500191,89.77500153,169
40,2002-02-09,54.19873428,10.13749981,62.375,171
41,2002-02-10,55.5718956,9.100000381,68.75,155
42,2002-02-11,44.50498962,11.03125,86.5,146
43,2002-02-12,38.99726868,11.5,69.59999847,141
44,2002-02-13,22.2712574,7.824999809,78.52500153,150
45,2002-02-14,32.82904053,5.456250191,59.07500076,177
46,2002-02-15,16.25182343,3.5625,72.40000153,177
47,2002-02-16,16.37057686,5.112500191,70.625,166
48,2002-02-17,7.431434155,3.706249952,79.02500153,154
49,2002-02-18,21.7264328,5.650000095,66.25,186
50,2002-02-19,45.15992355,8.337499619,68.22499847,171
51,2002-02-20,48.63015747,8.149999619,59.27499771,151
52,2002-02-21,31.81117058,5.199999809,65.90000153,169
53,2002-02-22,50.5238533,9.131250381,67.75,185
54,2002-02-23,57.07624435,5.556250095,74.55000305,154
55,2002-02-24,41.76553726,5.756249905,84.17500305,161
56,2002-02-25,45.64722824,9.206250191,88.72499847,163
57,2002-02-26,58.5707283,9.543749809,68.57499695,183
58,2002-02-27,54.78866196,5.931250095,66.30000305,153
59,2002-02-28,41.1239357,6.993750095,62.07500076,155
60,2002-03-01,16.34319305,3.606250048,80.65000153,152
61,2002-03-02,21.50690842,3.849999905,69.40000153,165
62,2002-03-03,17.56430817,6.587500095,77.82499695,162
63,2002-03-04,22.55617332,6.9375,68.22499847,186
64,2002-03-05,12.14976501,7.931250095,68.90000153,195
65,2002-03-06,46.30099869,8.587499619,75.15000153,184
66,2002-03-07,42.74446106,11.69999981,54.02500153,169
67,2002-03-08,29.88905525,9.487500191,69.875,138
68,2002-03-09,50.54545593,7.318749905,52.82499695,150
69,2002-03-10,57.18181992,6.675000191,70.07499695,141
70,2002-03-11,38.09090805,9.943750381,81.77500153,185
71,2002-03-12,10.909091,8.862500191,82.34999847,179
72,2002-03-13,52.54545593,6.237499714,76.09999847,157
73,2002-03-14,47.09090805,5.168749809,73.15000153,163
74,2002-03-15,4.422968388,6.5625,93.77500153,182
75,2002-03-16,27.63636398,10.47500038,74.75,177
76,2002-03-17,37.18181992,11.19375038,79.3999939,206
77,2002-03-18,54,9.412500381,83.77500153,164
78,2002-03-19,34.90909195,9.418749809,72.52500153,156
79,2002-03-20,33.36363602,11.35624981,85.72499847,180
80,2002-03-21,36,12.82499981,69.44999695,168
81,2002-03-22,25.63636398,11.86250019,72.80000305,135
82,2002-03-23,41.63636398,9.462499619,60.57500076,166
83,2002-03-24,38.81818008,8.03125,54.47499847,151
84,2002-03-25,29.004776,8.949999809,60.47499847,165
85,2002-03-26,37.87185287,9.050000191,61.65000153,158
86,2002-03-27,27.72727203,6.78125,61.89999771,165
87,2002-03-28,19.18181801,7.474999905,50.27500153,161
88,2002-03-29,20.45454597,9.243749619,49.40000153,170
89,2002-03-30,41.27272797,10.16250038,49.70000076,161
90,2002-03-31,52.63636398,9.893750191,81.25,132
91,2002-04-01,65,12.01379681,64.84999847,151
92,2002-04-02,38.72727203,12.69999981,57.90000153,167
93,2002-04-03,35.27344131,15.60624981,40.75,161
94,2002-04-04,28.86170578,12.83124924,57,177
95,2002-04-05,29.88845444,11.01875019,61.45000076,154
96,2002-04-06,70.45454407,8.918749809,41.10096359,160
97,2002-04-07,75.90908813,8.006250381,56.5,135
98,2002-04-08,62.54545593,9.193750381,56.57500076,180
99,2002-04-09,53.18181992,6.5,69.97499847,171
100,2002-04-10,81.1818161,8.5625,45.42499924,158
101,2002-04-11,59.45454407,8.081250191,48.77500153,162
102,2002-04-12,71.8181839,7.681250095,49.40000153,143
103,2002-04-13,57.18181992,7.181250095,57.40000153,127
104,2002-04-14,36,6.875,55.29999924,147
105,2002-04-15,17.54545403,8.681249619,69.625,153
106,2002-04-16,35.09090805,9.050000191,45.59999847,146
107,2002-04-17,47.54545593,9.518750191,53.75,150
108,2002-04-18,40.90909195,9.125,60.69999695,134
109,2002-04-19,24,9.59375,63.625,150
110,2002-04-20,31.63636398,10.30000019,52.59999847,152
111,2002-04-21,58.54545593,12.89375019,49.82499695,178
112,2002-04-22,51.90909195,14.34375,56.95000076,147
113,2002-04-23,35.72727203,15.29374981,60.52500153,174
114,2002-04-24,22.19387436,15.73124981,68.05000305,151
115,2002-04-25,37.62573624,13.16249943,54.5,143
116,2002-04-26,47.45454407,11.36250019,85.375,153
117,2002-04-27,54.38014221,9.712499619,49.45000076,161
118,2002-04-28,71.35533905,11.15625,67.875,140
119,2002-04-29,60.96311188,10.00625038,56.04999924,151
120,2002-04-30,54.36363602,9.862500191,88.57499695,145
121,2002-05-01,45.02521896,10.77578545,51.45000076,127
122,2002-05-02,25.72716522,10.1875,55.70000076,154
123,2002-05-03,35.45454407,10.48124981,57.27500153,161
124,2002-05-04,55,9.100000381,58.65000153,139
125,2002-05-05,63.45454407,7.631249905,54.47499847,143
126,2002-05-06,56.45454407,10.73750019,75.47499847,157
127,2002-05-07,33.36363602,12.63749981,76.22499847,147
128,2002-05-08,45.18181992,11.35624981,75.34999847,147
129,2002-05-09,47.18181992,10.45625019,81.92500305,142
130,2002-05-10,31.54545403,13.10000038,77.05000305,151
131,2002-05-11,43.27272797,13.76249981,66.92499542,155
132,2002-05-12,39.45454407,12.95625019,72,133
133,2002-05-13,49.63636398,12.21249962,88.22499847,136
134,2002-05-14,67.63636017,13.23124981,58.52500153,160
135,2002-05-15,53.18181992,14.72500038,61.07500076,165
136,2002-05-16,43,16.66250038,51.22499847,149
137,2002-05-17,61.81818008,18.49374962,55.34999847,139
138,2002-05-18,53.81818008,15.08124924,73.125,152
139,2002-05-19,66.45454407,15.03750038,60.17499924,124
140,2002-05-20,48.27272797,15.64374924,64,160
141,2002-05-21,62.44443512,15.36874962,66.84999847,154
142,2002-05-22,62.96246719,15.13749981,61.60000229,142
143,2002-05-23,62.16363525,14.5,56.84999847,149
144,2002-05-24,63.6565361,13.90625,75.42500305,155
145,2002-05-25,67.82931519,12.77499962,50.92499924,146
146,2002-05-26,65.44203949,11.02499962,76.57499695,138
147,2002-05-27,47.42359543,11.60624981,63.02500153,155
148,2002-05-28,48,12.30000019,77.34999847,172
149,2002-05-29,52.72727203,13,53.875,147
150,2002-05-30,48.54545593,13.14375019,61.72499847,133
151,2002-05-31,43.45454407,14.05723,54.04999924,161
152,2002-06-01,54.45454407,15.73750019,43.95000076,143
153,2002-06-02,71.1818161,18.25625038,43.22499847,148
154,2002-06-03,65.63636017,16.01874924,68.59999847,144
155,2002-06-04,48.54545593,12.72500038,64.92500305,155
156,2002-06-05,21.17158127,12.35000038,89.77500153,157
157,2002-06-06,14.7974062,14.71875,88.15000153,171
158,2002-06-07,23.72948837,14.41874981,90.02500153,145
159,2002-06-08,29.98390961,13.875,75.52500153,133
160,2002-06-09,44.01698303,13.43124962,80.5,121
161,2002-06-10,41.50978851,12.98750019,69.34999847,162
162,2002-06-11,42.10972214,13.375,55.09999847,148
163,2002-06-12,34.27609253,14.3125,68.65000153,155
164,2002-06-13,36.36954498,15.18124962,69.625,131
165,2002-06-14,26.80996323,17.93124962,75.52500153,150
166,2002-06-15,51.67974472,17.04375076,61.875,162
167,2002-06-16,37.45594406,17.82500076,84.09999847,168
168,2002-06-17,33.7910614,20.70000076,60.77500153,164
169,2002-06-18,39.36165237,18.76250076,63.04999924,156
170,2002-06-19,49.6018219,16.14999962,47.22499847,148
171,2002-06-20,39.43971634,17.64374924,57.09999847,135
172,2002-06-21,45.29710388,16.67499924,56.67499924,128
173,2002-06-22,49.58920288,15.96875,61,136
174,2002-06-23,51.81140137,15.58749962,52.20000076,148
175,2002-06-24,45.2311058,15.375,47.65000153,150
176,2002-06-25,31.69194031,15.19375038,56.04999924,141
177,2002-06-26,41.54412842,16.92499924,50,150
178,2002-06-27,45.42430115,14.86874962,49.375,144
179,2002-06-28,39.72727203,13.4375,48.42499924,133
180,2002-06-29,46.18181992,13.83750057,48.20000076,148
181,2002-06-30,41.27272797,15.10000038,63.29999924,159
182,2002-07-01,37.90909195,14.48750019,72.77500153,148
183,2002-07-02,33.63636398,13.88125038,62.19999695,162
184,2002-07-03,21.90909004,14.16874981,76.375,149
185,2002-07-04,40.63636398,14.56875038,52.625,133
186,2002-07-05,21.90909004,15.53749943,86.77500153,167
187,2002-07-06,41.09090805,16.28750038,70.09999847,140
188,2002-07-07,36.81818008,16.40625,84.15000153,140
189,2002-07-08,22.09090996,16.59375,88.15000153,159
190,2002-07-09,23.45454597,17.38125038,79.34999847,140
191,2002-07-10,29,14.44375038,67.5,118
192,2002-07-11,32.27272797,14.96875,59.875,139
193,2002-07-12,17.90909004,13.75,70.22499847,157
194,2002-07-13,37,16.19375038,48.59999847,140
195,2002-07-14,53.36363602,17.76250076,42.72499847,163
196,2002-07-15,38.27272797,18.86249924,47.22499847,155
197,2002-07-16,27,20.08124924,58.02500153,142
198,2002-07-17,34.63636398,17.21875,59.92499924,136
199,2002-07-18,32.45454407,18.41250038,57.20000076,148
200,2002-07-19,34.90909195,18.375,49.42499924,156
201,2002-07-20,44.09090805,18.27499962,56.5,135
202,2002-07-21,32.09090805,14.91250038,64.19999695,136
203,2002-07-22,30.09090996,15.78125,56.70000076,161
204,2002-07-23,22.45454597,17.22500038,78.92499542,139
205,2002-07-24,33.81818008,17.16875076,63.09999847,136
206,2002-07-25,25.27272797,16.9375,68.30000305,169
207,2002-07-26,28.54545403,21.47500038,62.55000305,148
208,2002-07-27,32.54545593,19.99374962,68.30000305,149
209,2002-07-28,63.09090805,22.94375038,56.34999847,166
210,2002-07-29,67.27272797,24.53125,58.52500153,172
211,2002-07-30,39.41067123,21.75624847,71.30000305,199
212,2002-07-31,29.13905716,19.29375076,87.52500153,157
213,2002-08-01,21.51224518,16.77499962,68.77500153,123
214,2002-08-02,32.0085907,17.44375038,56.97499847,158
215,2002-08-03,26.60680199,16.92499924,74.34999847,141
216,2002-08-04,37.81818008,17.00625038,82,153
217,2002-08-05,35.27272797,16.30624962,82.77500153,144
218,2002-08-06,35.36363602,18.92499924,71.02500153,156
219,2002-08-07,31.49412918,20.34375,56.75,138
220,2002-08-08,14.10308266,17.5625,80.72499847,139
221,2002-08-09,21.45728683,16.91875076,78.47499847,127
222,2002-08-10,24.45879173,17.98749924,72.47499847,137
223,2002-08-11,29.82882118,17.64374924,72.67499542,115
224,2002-08-12,23.26256943,18.25625038,64.67500305,140
225,2002-08-13,13.96919632,18.79375076,67.55000305,158
226,2002-08-14,28.83106041,20.00625038,63.07499695,151
227,2002-08-15,42.4076767,22.26874924,56.65000153,154
228,2002-08-16,38.81874084,21.24374962,56.57500076,158
229,2002-08-17,55.3443718,22.26875114,54.375,161
230,2002-08-18,38.52335358,21.17499924,64.72499847,149
231,2002-08-19,27.13818932,21.38750076,67.80000305,154
232,2002-08-20,19.12059593,19.01250076,75.97499847,130
233,2002-08-21,27.92226791,18.125,55.70000076,147
234,2002-08-22,24.16841698,18.1875,54.97499847,158
235,2002-08-23,26.15047646,18,60.82500076,117
236,2002-08-24,26.63636398,18.38750076,57.40000153,144
237,2002-08-25,35,17.91250038,70.27500153,129
238,2002-08-26,34.45454407,14.74374962,79.67500305,139
239,2002-08-27,42.81818008,17.35625076,74.09999847,152
240,2002-08-28,44.81818008,18.47500038,64.27500153,127
241,2002-08-29,10.909091,18.38125038,75.5,134
242,2002-08-30,14.090909,18.875,77.07499695,124
243,2002-08-31,34.45454407,16.59375,50.29999924,125
244,2002-09-01,35.63636398,14.53125,52.94999695,137
245,2002-09-02,31,15.70625019,54.90000153,136
246,2002-09-03,30.95151329,18.60000038,61.92499924,141
247,2002-09-04,29.51965714,16.20000076,60.29999924,169
248,2002-09-05,35.36363602,16.90625,65.94999695,169
249,2002-09-06,42.63636398,18.53125,65.71221924,167
250,2002-09-07,38.63636398,16.58749962,66.34999847,142
251,2002-09-08,24.45454597,15.35000038,66.07499695,138
252,2002-09-09,16.54545403,13.51875019,90.67499542,168
253,2002-09-10,24.27272797,14.94999981,59.67499924,140
254,2002-09-11,27.63636398,15.21249962,58.29999924,153
255,2002-09-12,37.72727203,18.23749924,67.875,140
256,2002-09-13,42.69220734,18.42499924,57.02499771,148
257,2002-09-14,63.59606934,16.13125038,65.875,152
258,2002-09-15,66.22437286,15.83125019,58.22499847,137
259,2002-09-16,42.89957428,13.48124981,61,126
260,2002-09-17,34.91343689,14.43124962,68.82499695,132
261,2002-09-18,31.04747009,14.375,64.47499847,142
262,2002-09-19,25.62163544,15.5625,62.70000076,144
263,2002-09-20,24.90909004,15.39375019,58.97499847,154
264,2002-09-21,26.36363602,15.23750019,56.34999847,128
265,2002-09-22,43.81818008,14.32499981,66.65000153,146
266,2002-09-23,38.54545593,14.02499962,54.625,165
267,2002-09-24,29.90909004,12.53125,53.42499924,131
268,2002-09-25,21.54545403,12.76249981,62.59999847,145
269,2002-09-26,27.4171505,14.09375,59.32499695,141
270,2002-09-27,4.451012611,11.96875,76.77500153,149
271,2002-09-28,13.18756104,13.42500019,66.57499695,132
272,2002-09-29,21.63998604,14.36250019,61.45000076,153
273,2002-09-30,15.06890011,14.73124981,57.95000076,158
274,2002-10-01,9.411253929,15.36250019,64.97499847,165
275,2002-10-02,15.06444454,16.71875,77.22499847,159
276,2002-10-03,21.65012932,16.375,65.5,161
277,2002-10-04,10.91759491,12.58125019,61.27500153,140
278,2002-10-05,17.45454597,13.01875019,75,128
279,2002-10-06,35.54545593,14.53125,61.77500153,132
280,2002-10-07,11.36363602,13.58749962,59.79999924,135
281,2002-10-08,16.36363602,13.25,62.02500153,145
282,2002-10-09,12.090909,11.55000019,68.80000305,127
283,2002-10-10,11.63636398,12.5625,74.44999695,161
284,2002-10-11,11.090909,11.61874962,68.94999695,148
285,2002-10-12,10.81818199,11.71875,77.05000305,158
286,2002-10-13,15.18181801,8.09375,85.22499847,164
287,2002-10-14,10,10.08749962,90.67500305,146
288,2002-10-15,20.54545403,11,89.625,152
289,2002-10-16,15,9.806249619,74.42500305,155
290,2002-10-17,9.181818008,7.399999619,69.125,167
291,2002-10-18,6.909090996,6.493750095,76.90000153,140
292,2002-10-19,12.63636398,6.150000095,64.80000305,148
293,2002-10-20,11.27272701,7.512499809,74.77500153,153
294,2002-10-21,18.09090996,11.78125,84.19999695,181
295,2002-10-22,34.18181992,14.14375019,89.875,174
296,2002-10-23,37.18181992,10.21875,55.84999847,151
297,2002-10-24,19,7.387499809,68.84999847,160
298,2002-10-25,43.72727203,11.97500038,78.79999542,170
299,2002-10-26,48.18181992,11.98124981,50.67499924,165
300,2002-10-27,58.27272797,12.125,50.375,163
301,2002-10-28,26.72727203,9.3125,60.84999847,169
302,2002-10-29,19.18181801,10.92500019,67.65000153,163
303,2002-10-30,5.741790771,10.69375038,89.15000153,148
304,2002-10-31,2.958305836,11.59870148,81.72499847,167
305,2002-11-01,17.53537178,12.76171303,91.94999695,155
306,2002-11-02,16.7495575,12.5696106,93.80000305,147
307,2002-11-03,40.55965805,11.98416138,68.875,150
308,2002-11-04,15.18181801,10.1935091,71.75,138
309,2002-11-05,14.18181801,10.41512871,88.25,171
310,2002-11-06,25.45454597,11.61286163,91.15000153,143
311,2002-11-07,22.18181801,7.681849957,64.15000153,157
312,2002-11-08,21.81818199,9.051823616,92.125,153
313,2002-11-09,15.72727299,10.13593864,76.65000153,144
314,2002-11-10,16.90909004,11.15638542,91.47499847,162
315,2002-11-11,27.63636398,10.55719852,70.82499695,142
316,2002-11-12,32.54545593,10.73537254,81.92500305,167
317,2002-11-13,26.45454597,10.17208958,79.47499847,142
318,2002-11-14,41.09090805,10.8205452,74.625,168
319,2002-11-15,14.72727299,10.40795231,80.65000153,145
320,2002-11-16,3,8.59532547,91.6000061,163
321,2002-11-17,2,7.674994469,93.70000458,134
322,2002-11-18,3,6.03487587,84.47499847,158
323,2002-11-19,9.363636017,7.374887466,83.65000153,154
324,2002-11-20,12.63636398,8.987296104,86.5,146
325,2002-11-21,16.90909004,9.950872421,89.22499847,190
326,2002-11-22,34.54545593,9.536603928,85.875,142
327,2002-11-23,23.90909004,9.116422653,82.34999847,171
328,2002-11-24,13.54545498,8.161081314,86.22499847,139
329,2002-11-25,2.636363745,6.490982533,94.84999847,152
330,2002-11-26,9.909090996,8.352772713,85.32499695,146
331,2002-11-27,26.72727203,9.037367821,76.75,166
332,2002-11-28,20.54545403,10.59282684,83.17500305,159
333,2002-11-29,8.545454979,8.267442703,89.34999847,167
334,2002-11-30,11.18181801,8.987290382,86.72499847,155
335,2002-12-01,46,9.657979965,77.52500153,153
336,2002-12-02,38.72727203,9.037143707,64.17500305,165
337,2002-12-03,11.72727299,8.366567612,84.02500153,145
338,2002-12-04,8.181818008,7.574921131,84.82499695,169
339,2002-12-05,13.72727299,6.026449203,76.75,158
340,2002-12-06,13,6.511501312,86.55000305,147
341,2002-12-07,22.36363602,4.834760189,88.47499847,153
342,2002-12-08,12.45454502,3.443514824,89.72499847,165
343,2002-12-09,14.72727299,3.536174774,69.22499847,173
344,2002-12-10,12.090909,1.824148417,79.42500305,168
345,2002-12-11,4.818181992,2.323667049,81.02500153,184
346,2002-12-12,2.090909004,3.743466854,88.94999695,185
347,2002-12-13,2.181818247,5.255958557,95.1000061,174
348,2002-12-14,2.727272749,6.525855064,91.75,171
349,2002-12-15,2.727272749,6.554373741,94.27500153,180
350,2002-12-16,4.272727489,6.004982471,90.59999847,194
351,2002-12-17,11.27272701,4.135878563,83.52500153,195
352,2002-12-18,10.909091,3.394062042,73.34999847,159
353,2002-12-19,5,3.964957237,78,196
354,2002-12-20,2,3.69407177,92.75,181
355,2002-12-21,2.545454502,7.332499981,95.55000305,189
356,2002-12-22,23.81818199,9.979187965,85.27500153,192
357,2002-12-23,16.45454597,10.17910957,93.59999847,197
358,2002-12-24,39.90909195,11.52743816,83.92500305,187
359,2002-12-25,41.36363602,10.32869816,85.94999695,179
360,2002-12-26,52.63636398,10.58566952,85.57499695,180
361,2002-12-27,37.63636398,10.86401939,84.52500153,168
362,2002-12-28,15.45454502,8.445465088,76.72499847,180
363,2002-12-29,32,9.401427269,93.40000153,184
364,2002-12-30,27.54545403,9.615148544,92.42500305,177
365,2002-12-31,15.54545498,5.897704124,81.17500305,164
366,2003-01-01,33,7.952795982,93.07499695,154
367,2003-01-02,40.90909195,9.422472,87.625,169
368,2003-01-03,24,5.833695412,83.875,173
369,2003-01-04,28.18181801,2.031036139,75.40000153,169
370,2003-01-05,7.909090996,0.989909291,86.92500305,162
371,2003-01-06,19.72727203,1.153622627,70.82499695,181
372,2003-01-07,18.81818199,-0.458902478,79.30000305,181
373,2003-01-08,7.390156746,-1.400506854,86.43121338,173
374,2003-01-09,25.81818199,0.325462878,83.37641907,202
375,2003-01-10,16.90909004,2.237598658,86.67500305,190
376,2003-01-11,10,0.661301374,81.34999847,194
377,2003-01-12,6.636363506,0.476670057,78.76779938,176
378,2003-01-13,28.87714767,5.969488621,83.67673492,175
379,2003-01-14,44.28858566,9.00888443,73.37295532,195
380,2003-01-15,35.86893463,8.52364254,75.86534119,179
381,2003-01-16,24.71502304,6.326777458,80.23298645,197
382,2003-01-17,32.35208511,6.205174923,88.57360077,178
383,2003-01-18,27.45454597,5.877340317,82.25,152
384,2003-01-19,37,7.225035667,85.30000305,188
385,2003-01-20,49.09090805,7.524878979,89.72499847,191
386,2003-01-21,40.63636398,7.988444805,82.25,211
387,2003-01-22,20.72727203,7.060965061,81.07499695,184
388,2003-01-23,21.09090996,5.983986855,70.52500153,177
389,2003-01-24,11.27272701,4.71465826,77.09999847,192
390,2003-01-25,34.81818008,8.50955677,72,192
391,2003-01-26,16.36363602,8.880582809,89.875,174
392,2003-01-27,16.54545403,11.23586845,78.375,162
393,2003-01-28,46.81818008,7.396282673,71.72499847,161
394,2003-01-29,42.63636398,4.934603691,58.57500076,155
395,2003-01-30,38.27272797,1.538944602,75.16146851,157
396,2003-01-31,24.90909004,0.261618316,74.26716614,163
397,2003-02-01,20.31149864,3.343789816,85.25,179
398,2003-02-02,45.36363602,4.942435265,77.625,176
399,2003-02-03,37.54545593,4.941955566,60.02500153,168
400,2003-02-04,29.59698868,2.502043247,66.15000153,195
401,2003-02-05,19.41637611,1.596268892,71.47499847,168
402,2003-02-06,11.27272701,1.974992275,81.27500153,170
403,2003-02-07,11.63636398,6.783344746,85.52500153,157
404,2003-02-08,32.54545593,9.20129776,83.07499695,192
405,2003-02-09,34.63636398,7.681726456,88.40000153,161
406,2003-02-10,14.54545498,5.784592152,85.9750061,176
407,2003-02-11,14.18181801,5.834092617,91.72499847,157
408,2003-02-12,7.272727489,6.068861961,93.80000305,167
409,2003-02-13,14.45454502,2.245091677,63.79999924,167
410,2003-02-14,8.545454979,1.160514832,72.75,177
411,2003-02-15,25,1.210724711,75.8476944,161
412,2003-02-16,26.72727203,2.030890942,65.81754303,168
413,2003-02-17,26.63636398,1.674256921,69.55000305,163
414,2003-02-18,8.545454979,1.018582344,62.91838074,200
415,2003-02-19,8.363636017,1.389432549,56.45262146,180
416,2003-02-20,10.27272701,4.949803829,68.125,191
417,2003-02-21,8.640566826,6.470046997,67.72499847,163
418,2003-02-22,5.713038445,4.849207878,69.20000458,199
419,2003-02-23,25.25021744,7.646997452,73.44999695,164
420,2003-02-24,13.05287647,9.038275719,74,163
421,2003-02-25,15.13353348,8.10270977,56.59999847,173
422,2003-02-26,12.6477499,9.801095009,57,152
423,2003-02-27,22.53475189,10.06530285,60.09999847,177
424,2003-02-28,40.08797836,9.080005646,89.25,184
425,2003-03-01,36.2517395,8.181207657,89.65000153,153
426,2003-03-02,31.28150749,8.138598442,69,192
427,2003-03-03,20.38083649,5.68540287,70.69999695,183
428,2003-03-04,34.10757065,9.77212429,82.97499847,162
429,2003-03-05,34.03966522,10.4359808,74.34999847,163
430,2003-03-06,26.38176727,7.710549831,66.97499847,167
431,2003-03-07,45.74433899,7.52498436,85.22499847,151
432,2003-03-08,63.45454407,8.109697342,76.25,163
433,2003-03-09,76.09091187,10.69932556,68.02500153,176
434,2003-03-10,56.54545593,10.2357502,73.15000153,179
435,2003-03-11,51.81818008,10.20036221,68.92500305,158
436,2003-03-12,44.27272797,7.225316525,73.32499695,184
437,2003-03-13,57.72727203,6.639889717,59.02500153,148
438,2003-03-14,34,6.333245754,48.75,170
439,2003-03-15,25.39037514,6.418832302,56,161
440,2003-03-16,19.7232132,7.846549034,50.77500153,144
441,2003-03-17,21.15841675,8.117267609,52.54999924,158
442,2003-03-18,47.59362793,7.874027252,60.625,138
443,2003-03-19,10.54545498,7.882236004,63.15000153,191
444,2003-03-20,19,8.232480049,51.17499924,184
445,2003-03-21,17.09090996,6.604307175,71.625,160
446,2003-03-22,16.54545403,6.976343632,61.90000153,155
447,2003-03-23,31.63636398,10.12272358,47.54999924,163
448,2003-03-24,49.54545593,11.82115364,60.52500153,177
449,2003-03-25,28.27272797,11.27840996,64.19999695,190
450,2003-03-26,23.36363602,10.94276047,60.92499924,177
451,2003-03-27,26.54545403,10.7713871,51.52500153,169
452,2003-03-28,25.09090996,9.108553886,73.5,167
453,2003-03-29,9.181818008,11.29186249,66.22499847,137
454,2003-03-30,38.72727203,11.61285019,52.625,146
455,2003-03-31,39.55269623,8.573560715,44.02668762,171
456,2003-04-01,43.87638855,7.838785172,79.18374634,175
457,2003-04-02,46.9078064,7.709984779,54.35504913,156
458,2003-04-03,32.36363602,7.73886013,51.57500076,167
459,2003-04-04,31.81818199,12.54088402,57.70000076,165
460,2003-04-05,58.09090805,11.74120522,45.32500076,135
461,2003-04-06,55,8.145507813,65,143
462,2003-04-07,41.92180634,5.063027859,46.77500153,162
463,2003-04-08,34.8325119,4.050600529,43.42499924,168
464,2003-04-09,33.81818008,3.614665508,54.65000153,158
465,2003-04-10,36.3239975,3.99265027,73.05000305,189
466,2003-04-11,22.48526573,4.557487965,61.125,179
467,2003-04-12,35.05506516,7.347164631,46.52500153,177
468,2003-04-13,40.19482422,11.26380157,50.29999924,156
469,2003-04-14,16.33242989,14.45975494,49.875,165
470,2003-04-15,19.7885437,16.62955093,43.07500076,165
471,2003-04-16,39.89606857,16.99360085,34.70000076,168
472,2003-04-17,54.45454407,15.44394302,38.80000305,154
473,2003-04-18,85,14.82985783,37.42499924,160
474,2003-04-19,74.72727203,8.130929947,60.625,143
475,2003-04-20,73.63636017,10.3570118,58.82500076,146
476,2003-04-21,64.36363983,12.24038792,60.52500153,155
477,2003-04-22,55.09090805,11.4925642,54.07499695,149
478,2003-04-23,48.73524857,11.9628067,39.72499847,186
479,2003-04-24,38.36034393,10.84970188,70.59999847,181
480,2003-04-25,35.06514359,14.01073074,62.70000076,172
481,2003-04-26,59.16428375,12.17624092,66.80000305,151
482,2003-04-27,88.1818161,13.00410938,57.47499847,155
483,2003-04-28,52.72727203,12.32648468,89.30000305,169
484,2003-04-29,68,12.74722099,61.19999695,151
485,2003-04-30,62.27272797,13.0897541,62.5,136
486,2003-05-01,66.23186493,12.26249981,68.69999695,143
487,2003-05-02,52.54545593,11.75,72.52500153,154
488,2003-05-03,64.8181839,11.80624962,62.02500153,150
489,2003-05-04,68.90908813,15.25624943,43.625,157
490,2003-05-05,75.1818161,14.03749943,51.67499924,149
491,2003-05-06,35.72727203,11.26875019,46.20000076,148
492,2003-05-07,45.81818008,12.63749981,43.07500076,132
493,2003-05-08,34.63636398,11.50625038,61.65000153,142
494,2003-05-09,41.09090805,12.92500019,50.59999847,142
495,2003-05-10,53.90909195,10.56875038,57.75,132
496,2003-05-11,53.45454407,10.68124962,68.22499847,146
497,2003-05-12,51.45454407,10.55000019,74.52500153,156
498,2003-05-13,37.18181992,8.550000191,60.42500305,148
499,2003-05-14,39,10.13124943,50.90000153,167
500,2003-05-15,38.45454407,10.23750019,47.04999924,159
501,2003-05-16,43.63636398,10.54374981,85.66036224,151
502,2003-05-17,51.72727203,13.10000038,86.55000305,143
503,2003-05-18,65.8181839,13.41250038,72.625,128
504,2003-05-19,58.6586113,12.90625,65.94999695,148
505,2003-05-20,60.86321259,11.27499962,65.07499695,135
506,2003-05-21,44.80849457,13.26249981,66.52500153,154
507,2003-05-22,36.24515152,15.55624962,77.80000305,152
508,2003-05-23,60.486866,14.58749962,64.67500305,154
509,2003-05-24,54.22388458,13.35624981,56.97499847,151
510,2003-05-25,56.46084595,13.52499962,56.07500076,153
511,2003-05-26,49.19145203,13.48750019,51.59999847,129
512,2003-05-27,33.91880035,14.22500038,73.75,159
513,2003-05-28,48.36914063,17.48749924,50.27500153,154
514,2003-05-29,61.44988251,17.91250038,52.07500076,143
515,2003-05-30,67.88148499,19.04375076,47.625,141
516,2003-05-31,74.87090302,20.85625076,49.95000076,149
517,2003-06-01,57.77563858,18.60625076,74.84999847,172
518,2003-06-02,48.77854919,18.01250076,66.40000153,158
519,2003-06-03,38.37182617,16.06875038,58.625,163
520,2003-06-04,36.60944748,17.25625038,70.15000153,134
521,2003-06-05,57.44604492,15.83749962,54.59999847,121
522,2003-06-06,42.48974228,15.07499981,73.94999695,136
523,2003-06-07,50.47729492,18.61874962,68.67500305,159
524,2003-06-08,53.52807236,16.51250076,75.625,133
525,2003-06-09,56.14660263,15.35000038,50.42499924,135
526,2003-06-10,51.09090805,18.26874924,67.15000153,147
527,2003-06-11,59.44262695,17.16250038,56.40000153,120
528,2003-06-12,47.45454407,17.22500038,49.77500153,132
529,2003-06-13,48.18181992,16.63750076,42.15000153,135
530,2003-06-14,73.54545593,19.45624924,41.22499847,140
531,2003-06-15,91.72393036,18.39374924,40.02500153,133
532,2003-06-16,100.4127502,20.58749962,46.15000153,142
533,2003-06-17,52.68213272,19.43124962,63.77500153,136
534,2003-06-18,41,17.05624962,63.52500153,148
535,2003-06-19,32.16029358,19.71875,66.25,128
536,2003-06-20,50.85120392,16.85000038,45.15000153,130
537,2003-06-21,68.81282043,17.50625038,42.54999924,141
538,2003-06-22,56.2859726,20.02499962,69,145
539,2003-06-23,45.07772446,19.48749924,65.42500305,164
540,2003-06-24,52.80316544,16.75625038,46.34999847,137
541,2003-06-25,48.95015335,17.21875,56.04999924,142
542,2003-06-26,51.14985657,19.11249924,60.45000076,148
543,2003-06-27,38.10076904,18.48125076,66.15000153,148
544,2003-06-28,48.18181992,16.85000038,54.59999847,144
545,2003-06-29,67.90908813,18.02499962,45.375,147
546,2003-06-30,45.83174515,17.51250076,81.32499695,143
547,2003-07-01,45.36363602,16.40625,70.77500153,127
548,2003-07-02,35,16.93124962,70.1000061,132
549,2003-07-03,24.18181801,16.08124924,70.84999847,129
550,2003-07-04,41.27272797,16.30624962,57.67499924,132
551,2003-07-05,39.63636398,15.21875,63.27500153,145
552,2003-07-06,45,18.625,54.32500076,143
553,2003-07-07,35.61090851,16.98749924,51.92499924,134
554,2003-07-08,22.62090492,18.4375,69.02500153,132
555,2003-07-09,32.00746536,21.35000038,53.09999847,156
556,2003-07-10,65.35509491,22.08124924,51.34999847,164
557,2003-07-11,47.64614868,19.17499924,48.20000076,160
558,2003-07-12,66.63636017,19.29375076,41.25,132
559,2003-07-13,66.27272797,20.58749962,31.22500038,124
560,2003-07-14,64.90908813,22.1875,42.625,145
561,2003-07-15,85.36363983,24.25625038,37.22499847,159
562,2003-07-16,57.76079178,21.35000038,73.02500153,177
563,2003-07-17,43.73739243,18.26874924,80.42500305,154
564,2003-07-18,41.45454407,20.15625,58.875,156
565,2003-07-19,42.27272797,21.72500038,48.09999847,153
566,2003-07-20,45,19.33124924,50.54999924,127
567,2003-07-21,49.27272797,19.125,51.90000153,137
568,2003-07-22,49.81818008,18.95000076,57.72499847,127
569,2003-07-23,51.63734818,19.06875038,55.65000153,134
570,2003-07-24,39.6116066,18.85000038,57.84999847,131
571,2003-07-25,36.18181992,17.77499962,85.94999695,129
572,2003-07-26,30.54545403,16.17499924,64.47499847,124
573,2003-07-27,42.81818008,18.72500038,60.77500153,126
574,2003-07-28,41.90909195,17.14999962,62.95000076,146
575,2003-07-29,32.90909195,18.36249924,76.52500153,132
576,2003-07-30,30.63636398,19.82500076,64.94999695,141
577,2003-07-31,36,18.46249962,66.44999695,141
578,2003-08-01,37.27272797,16.77499962,84.57499695,141
579,2003-08-02,46.09090805,18.50625038,49.34999847,149
580,2003-08-03,53.09090805,20.65625,41.42499924,127
581,2003-08-04,47.63636398,23.08749962,49.67499924,138
582,2003-08-05,64.09091187,24.48125076,49.52500153,164
583,2003-08-06,89,27.44375038,41.67499924,200
584,2003-08-07,79.63636017,23.4375,58,163
585,2003-08-08,81.8181839,23.96249962,56.90000153,183
586,2003-08-09,88.07333374,26.27499962,46.5,191
587,2003-08-10,93.79476929,28.17499924,31.42499924,280
588,2003-08-11,119.2457123,26.52499962,54.59999847,275
589,2003-08-12,90.2442627,24.21249962,60.75,254
590,2003-08-13,54.11605835,22.69375038,43.42499924,236
591,2003-08-14,50.1041832,20.11249924,38.95000076,166
592,2003-08-15,44.59474945,18.22500038,43.04999924,158
593,2003-08-16,48.39430618,18.66250038,52.97499847,157
594,2003-08-17,51.77984619,20.25,52.72499847,143
595,2003-08-18,39.12055206,20.53125,63.17499924,166
596,2003-08-19,35.33525848,16.95624924,48.92499924,134
597,2003-08-20,35.34414291,16.60625076,44.77500153,142
598,2003-08-21,39.61203003,17.92499924,52.25,153
599,2003-08-22,30.24098969,21.22500038,65.02500153,171
600,2003-08-23,24.46567154,22.03750038,62.625,124
601,2003-08-24,40.62824249,21.47500038,62.85000229,156
602,2003-08-25,55.21325302,17.75,62,124
603,2003-08-26,45.29322815,18.73749924,60.77500153,149
604,2003-08-27,46.30177307,19.34375,62.20000076,142
605,2003-08-28,32.3754921,16.10000038,63,126
606,2003-08-29,39.12464905,15.40000057,68.82500458,118
607,2003-08-30,36.4276619,13.8125,49.82500076,136
608,2003-08-31,34.942379,13.91874981,47.47499847,139
609,2003-09-01,35.84009552,15.11250019,47.625,131
610,2003-09-02,17.88966179,14.89999962,51.25,153
611,2003-09-03,19.56787109,17.29375076,48.59999847,148
612,2003-09-04,30.10946846,16.97500038,49.40000153,157
613,2003-09-05,43.68451309,18.8125,47.75,150
614,2003-09-06,47.11476135,17.17499924,66.19999695,137
615,2003-09-07,25.96150017,13.76249981,58.32500076,137
616,2003-09-08,24.75198174,15.75,56.59999847,138
617,2003-09-09,32.14049911,15.98124981,50.90000153,147
618,2003-09-10,28.63840675,16.55624962,80.84999847,161
619,2003-09-11,10.88373947,13.44999981,76.02500153,120
620,2003-09-12,26.7599926,16.125,56.07500076,133
621,2003-09-13,31.45454597,16.66875076,51.375,134
622,2003-09-14,36.18181992,17.91250038,45.17499924,141
623,2003-09-15,32.1115799,18,45.375,142
624,2003-09-16,38.72066879,18.89374924,45,150
625,2003-09-17,64.36363983,18.85000038,43.47499847,134
626,2003-09-18,62.27272797,16.51874924,68.125,144
627,2003-09-19,47.45454407,17.46249962,65.67500305,151
628,2003-09-20,51.36363602,18.70000076,59.65000153,118
629,2003-09-21,57.36363602,19.60625076,61.15000153,145
630,2003-09-22,40.36363602,16.83749962,79.44999695,143
631,2003-09-23,25.27272797,10.79374981,53.14999771,139
632,2003-09-24,15.27272701,10.1875,57.60000229,129
633,2003-09-25,18.90909004,12.41250038,55.22499847,138
634,2003-09-26,23.72727203,13.21875,62.97499847,138
635,2003-09-27,28.09090996,13.30625057,61.70000076,130
636,2003-09-28,24.63636398,12.03125,70.75,143
637,2003-09-29,25.36363602,11.47499943,55.79999924,152
638,2003-09-30,26.72727203,14.35000038,52.92499924,143
639,2003-10-01,25.27272797,14.17500019,68.82499695,155
640,2003-10-02,9.818181992,14.71875,86.22499847,152
641,2003-10-03,17.09090996,15.14375019,77.09999847,148
642,2003-10-04,38.54545593,10.75,64.34999847,144
643,2003-10-05,41.14965439,7.987500191,44.65000153,137
644,2003-10-06,48.09090805,11.18124962,57.57500076,141
645,2003-10-07,49,11.5625,52.5,160
646,2003-10-08,24.18181801,12.55625057,71.125,145
647,2003-10-09,29.54545403,14.6875,61.25,169
648,2003-10-10,25.09090996,15.55000019,73.22499847,162
649,2003-10-11,17.09090996,12.48750019,62.04999924,152
650,2003-10-12,27.81818199,11.75625038,60.625,147
651,2003-10-13,15.81818199,13.39999962,66.125,170
652,2003-10-14,13.36363602,12.93124962,57.59999847,147
653,2003-10-15,17.97830582,10.98750019,51.27500153,125
654,2003-10-16,16.72727203,10.61250019,57.65000153,149
655,2003-10-17,14.63636398,10.02499962,59.52500153,159
656,2003-10-18,15,9.899999619,65,160
657,2003-10-19,48.63636398,9.40625,62.875,144
658,2003-10-20,42.36363602,8.6875,52.95000076,153
659,2003-10-21,15.2915926,5.96875,66.05000305,141
660,2003-10-22,17.15180969,6.03125,82.22499847,160
661,2003-10-23,27.05285454,7.318749905,54.29999924,146
662,2003-10-24,10.29527378,5.125,65.47499847,167
663,2003-10-25,17.43986893,5.168749809,66.52500153,171
664,2003-10-26,29.51542854,7.4375,70.30000305,163
665,2003-10-27,9.600437164,6.193749905,65.55000305,159
666,2003-10-28,14.39054585,5.868750095,67.22499847,172
667,2003-10-29,20.76824951,7.293749809,85.44999695,146
668,2003-10-30,19.58675957,6.693749905,82.97499847,166
669,2003-10-31,14.40265083,9.806249619,82.02500153,191
670,2003-11-01,21.76118088,9.106249809,70.82499695,139
671,2003-11-02,48.09392929,10.01875019,84.57499695,190
672,2003-11-03,39.35605621,11.47500038,63.75,166
673,2003-11-04,18.35179329,9.975000381,78.625,173
674,2003-11-05,20.11706161,12.33749962,68.59999847,163
675,2003-11-06,4.216801643,12.94999981,78.25112915,165
676,2003-11-07,6.051681519,10.21249962,64.34999847,154
677,2003-11-08,12.29244804,8.46875,66.375,154
678,2003-11-09,3.144192219,7.287499905,91.05000305,145
679,2003-11-10,3.827636003,10.84999943,82.67500305,176
680,2003-11-11,4.130879402,9.418749809,91.65000153,167
681,2003-11-12,15.62290001,11.04374981,81.94999695,166
682,2003-11-13,26.1836586,9.28125,84.47499847,162
683,2003-11-14,55.01934052,11.42500019,62.80000305,177
684,2003-11-15,31.32395744,10.60624981,71.77500153,174
685,2003-11-16,20.58436584,7.46875,72.90000153,167
686,2003-11-17,17.12652397,7.9375,88.625,169
687,2003-11-18,28.20013428,12.48124981,81.5,131
688,2003-11-19,29.08127785,13.18124962,82.59999847,156
689,2003-11-20,24.77184868,11.73124981,84.80000305,145
690,2003-11-21,8.427980423,9.856249809,92.09999847,174
691,2003-11-22,13.53840542,8.300000191,94.125,172
692,2003-11-23,40.4863739,6.818749905,92.19999695,141
693,2003-11-24,18.43339348,7.256249905,84.55000305,122
694,2003-11-25,22.02475357,7.118750095,85.27500153,159
695,2003-11-26,36.43917084,8.725000381,77.27500153,174
696,2003-11-27,2.849583149,5.037499905,81.40000153,159
697,2003-11-28,11.7415657,5.40625,78.09999847,166
698,2003-11-29,27.02257347,8.1875,88.19999695,159
699,2003-11-30,11.84115505,8.0625,88.19999695,174
700,2003-12-01,10.77996063,8.868749619,90.67500305,164
701,2003-12-02,7.843799591,8.275000572,86.625,152
702,2003-12-03,2.852403164,8.0625,94.22499847,183
703,2003-12-04,28.2382431,8.1875,80.625,173
704,2003-12-05,19.34965706,7.506249905,80.57499695,150
705,2003-12-06,31.66655159,5.787499905,77.57499695,176
706,2003-12-07,27.5410862,3.668750048,60.07500076,160
707,2003-12-08,4.417537212,3.081250191,79.77500153,161
708,2003-12-09,2.946589947,5.631249905,81.57500458,156
709,2003-12-10,3.53140831,4.324999809,94.90000153,153
710,2003-12-11,16.35441017,6.931250095,92.02500153,155
711,2003-12-12,16.45454597,7.925000191,89.84999847,153
712,2003-12-13,43.90909195,10.69375038,91.375,170
713,2003-12-14,49.90909195,7.893750191,67.57499695,181
714,2003-12-15,12.81818199,3.912499905,66.40000153,169
715,2003-12-16,2.727272749,1.762500048,77.15000153,165
716,2003-12-17,4.090909004,4.381249905,74,164
717,2003-12-18,3.545454502,4.649999619,81.27500153,176
718,2003-12-19,2.272727251,5.181250095,84.84999847,180
719,2003-12-20,26.36363602,8.637499809,85.875,177
720,2003-12-21,45.45454407,5.337500095,67.34999847,135
721,2003-12-22,21.36363602,2.15625,75.55184937,165
722,2003-12-23,9.181818008,5.006249905,93.07499695,158
723,2003-12-24,26.45454597,8.399999619,83.09999847,200
724,2003-12-25,60.27272797,10.125,80.55000305,200
725,2003-12-26,56.09090805,9.84375,89.82499695,186
726,2003-12-27,46.63636398,5.681250095,79.125,166
727,2003-12-28,39.81818008,3.849999905,73.07499695,164
728,2003-12-29,10.72727299,2.418750048,92.59999847,183
729,2003-12-30,2.636363745,3.118749857,93.80000305,193
730,2003-12-31,7.909090996,2.556250095,93.15000153,194
731,2004-01-01,37.18181992,4.443749905,89.5249939,208
732,2004-01-02,16.63636398,3.75,81.72499847,172
733,2004-01-03,5,1.118749976,80.9750061,177
734,2004-01-04,4.454545498,4.693749905,89.97499847,215
735,2004-01-05,11.45454502,7.09375,93.375,208
736,2004-01-06,27.18181801,9.487500191,80.84999847,181
737,2004-01-07,28.63636398,8.087499619,78.75,192
738,2004-01-08,42.45454407,9.112500191,81.27500153,178
739,2004-01-09,33.18181992,7,72.97499847,175
740,2004-01-10,19.09090996,7.849999905,87.72499847,176
741,2004-01-11,53.54545593,8.899999619,76.09999847,192
742,2004-01-12,32.35440063,6.699999809,87.07499695,177
743,2004-01-13,50.29330826,7.787499905,63.67499924,179
744,2004-01-14,33.68850708,5.118750095,85.15000153,154
745,2004-01-15,37,5.0625,82.65000153,167
746,2004-01-16,41.09090805,6.106249809,63.09999847,163
747,2004-01-17,22.18181801,2.931250095,82.47499847,166
748,2004-01-18,25.36363602,3.3125,73.75,196
749,2004-01-19,33.18181992,6.412499905,75.625,191
750,2004-01-20,19.90909004,9.493749619,92.07499695,176
751,2004-01-21,17.45454597,8.34375,87.57499695,179
752,2004-01-22,21.09090996,7.131249905,84,165
753,2004-01-23,17.09090996,6.881249905,83.69999695,170
754,2004-01-24,24.18181801,6.443749905,74.72499847,158
755,2004-01-25,10.81818199,3.818749905,79.875,163
756,2004-01-26,15.96755791,3.043750048,79.59999847,160
757,2004-01-27,26.58428192,3.15625,72.09999847,172
758,2004-01-28,35.65323257,1.543750048,69.05802155,170
759,2004-01-29,22.75889397,0.700000048,72.46946716,167
760,2004-01-30,30.54545403,3.837500095,72.9455719,169
761,2004-01-31,58.90909195,8.518750191,87.25,164
762,2004-02-01,62.90909195,10.64375019,77.72499847,162
763,2004-02-02,51.81818008,11.86250019,83.90000153,196
764,2004-02-03,42.45454407,13.20625019,79.55000305,161
765,2004-02-04,44.27272797,14.19375038,69.82499695,155
766,2004-02-05,30.69585037,12.23124981,88.25,179
767,2004-02-06,41.188694,10.11874962,89.72499847,149
768,2004-02-07,55.10092926,7.856249809,65.40000153,165
769,2004-02-08,58.74972153,5.900000095,55.25,169
770,2004-02-09,15.15762329,1.881249905,64.42500305,146
771,2004-02-10,14.31722069,4.443749905,67.67500305,178
772,2004-02-11,20.86561966,8.34375,78.67500305,153
773,2004-02-12,12.04618931,9.03125,83.09999847,145
774,2004-02-13,5.782158375,8.393750191,71.94999695,158
775,2004-02-14,7.846354485,7.762500286,83.32499695,151
776,2004-02-15,29.30439186,6.90625,83.5,142
777,2004-02-16,19.61401749,6.025000095,72.75,160
778,2004-02-17,9.627051353,5.487500191,90.40000153,151
779,2004-02-18,40.00184631,5.768750191,80.05000305,136
780,2004-02-19,50.57792664,4.793749809,64.875,147
781,2004-02-20,27.32619858,1.9375,71.90000153,147
782,2004-02-21,21.01083946,3.181250095,77.42500305,150
783,2004-02-22,60.99952698,3.8125,67,150
784,2004-02-23,27.52593422,2.631249905,66.42243958,149
785,2004-02-24,15.04958534,1.6875,80.22499847,144
786,2004-02-25,23.85463715,1.5,57.52465057,147
787,2004-02-26,22.18021584,0.625,58.92834854,167
788,2004-02-27,18.60695457,0.337500036,73.46702576,175
789,2004-02-28,19.79632187,0.525000036,83.34562683,154
790,2004-02-29,37.02400208,2.331249952,72.92500305,145
791,2004-03-01,23.28461266,1.374999881,65.83578491,151
792,2004-03-02,17.32985115,2.40625,63.72499847,143
793,2004-03-03,28.10387611,4.568749905,67.07499695,175
794,2004-03-04,14.75212955,7.074999809,85.55000305,152
795,2004-03-05,7.42858696,7.03125,84.625,169
796,2004-03-06,17.42545891,6.400000095,78.75,146
797,2004-03-07,32.96486664,5.387499809,82.19999695,167
798,2004-03-08,48.59309006,5.206250191,66.875,157
799,2004-03-09,57.51176834,4.381249905,60.70000076,160
800,2004-03-10,44.82565689,2.637500048,72.27500153,164
801,2004-03-11,39.84130478,3.768749952,69.34999847,156
802,2004-03-12,18.74669266,3.487499952,87.59999847,164
803,2004-03-13,45.11968613,7.59375,72.92500305,149
804,2004-03-14,67.05831909,8.737500191,88.05000305,128
805,2004-03-15,55.27733994,10.73124981,79.30000305,178
806,2004-03-16,44.01301956,13.60000038,74.80000305,156
807,2004-03-17,21.33917236,10.38125038,80.69999695,151
808,2004-03-18,33.5826416,10.26875019,77.125,155
809,2004-03-19,58.86539459,9.787500381,79.40000153,141
810,2004-03-20,66.23580933,10.69999981,85.09999847,173
811,2004-03-21,75.63195801,9.243749619,56.59999847,143
812,2004-03-22,44.42241287,7.199999809,68.15000153,159
813,2004-03-23,37.47906113,5.856249809,73.09999847,146
814,2004-03-24,42.38953018,6.143750191,78.75,146
815,2004-03-25,21.06815338,4.756249905,73.90000153,165
816,2004-03-26,32.6502037,5.243749619,66.32499695,126
817,2004-03-27,10.30211258,6.637499809,85.44999695,149
818,2004-03-28,27.61271858,7.949999809,79.02500153,142
819,2004-03-29,19.58306313,9.831250191,65.72499847,147
820,2004-03-30,41.5639267,9.699999809,51.75,143
821,2004-03-31,23.383461,12.08749962,49.15000153,176
822,2004-04-01,42.09090805,12.9375,69.125,142
823,2004-04-02,51.45454407,12.39999962,70.59999847,150
824,2004-04-03,64.45454407,10.5,81.15000153,153
825,2004-04-04,70.09091187,9.793749809,60.17499924,131
826,2004-04-05,53.90909195,8.856249809,65.29999542,154
827,2004-04-06,50.09090805,6.918749809,74.32499695,143
828,2004-04-07,29.72727203,6.962500095,59.04999924,135
829,2004-04-08,34.22396851,6.381249905,66.69999695,141
830,2004-04-09,42.51970673,7.256249905,65.375,151
831,2004-04-10,29.25166512,8.125,83.44999695,151
832,2004-04-11,27.20707893,6.4375,63.82500076,158
833,2004-04-12,17.90909004,9.643750191,60.90000153,131
834,2004-04-13,21.36363602,10.83749962,66.07499695,141
835,2004-04-14,28,10.44999981,59.02500153,157
836,2004-04-15,35.06521988,10.23750019,49.375,144
837,2004-04-16,48.40329361,13.09375,43.54999924,152
838,2004-04-17,55.45454407,10.6875,58.84999847,158
839,2004-04-18,64.45454407,8.168749809,90.67500305,128
840,2004-04-19,40.63636398,8.074999809,71.875,166
841,2004-04-20,39.63636398,7.90625,59.05000305,156
842,2004-04-21,40.36363602,12.375,81.42500305,143
843,2004-04-22,38.81818008,11.19375038,61.79999924,133
844,2004-04-23,32.63636398,12.23750019,45.15000153,157
845,2004-04-24,47.54545593,14.78750038,47.20000076,133
846,2004-04-25,39.81818008,15.02499962,55.34999847,147
847,2004-04-26,32.81818008,14.10000038,47.67499924,143
848,2004-04-27,36.81818008,14.08749962,65.67500305,150
849,2004-04-28,35.81818008,12.35000038,85.30000305,136
850,2004-04-29,54.36363602,8.418749809,88.25,126
851,2004-04-30,49.18181992,10.11250019,88.75,143
852,2004-05-01,37.81818008,11.14375019,88.07499695,128
853,2004-05-02,47.18181992,13.01875019,64.84999847,121
854,2004-05-03,35.72727203,11.14375019,84.65000153,145
855,2004-05-04,50.90909195,8.756250381,87.15000153,131
856,2004-05-05,45.54545593,9.087499619,70.57499695,166
857,2004-05-06,31.45454597,10.82499981,65.09999847,145
858,2004-05-07,34.09090805,11.46249962,54.75,153
859,2004-05-08,33.90909195,10.84375,89.55000305,133
860,2004-05-09,50,12.73750019,80.67500305,153
861,2004-05-10,49.36363602,15.23750019,72.34999847,140
862,2004-05-11,33.54545593,12.53125,79.07500458,152
863,2004-05-12,51.63636398,10.61250019,72.69999695,143
864,2004-05-13,40.72727203,12.29374981,52.20000076,153
865,2004-05-14,30.18181801,14.51249981,54.82500076,132
866,2004-05-15,30,16.33124924,56.45000076,135
867,2004-05-16,36.09090805,17.1875,52.42499924,156
868,2004-05-17,46.09090805,16.60625076,50.07500076,155
869,2004-05-18,47.36363602,17.53750038,51.45000076,140
870,2004-05-19,39.63636398,17.46875,50.89999771,129
871,2004-05-20,31.63636398,17.25625038,59.04999924,151
872,2004-05-21,42.27272797,12.5,67,135
873,2004-05-22,53.54545593,10.17500019,43.82500076,132
874,2004-05-23,52.27272797,11.73750019,44.57500076,132
875,2004-05-24,42.45454407,13.69999981,42.75,145
876,2004-05-25,43.81818008,14.85624981,48.02500153,143
877,2004-05-26,37.72727203,14.35624981,60,138
878,2004-05-27,40.09090805,13.3125,66.97499847,138
879,2004-05-28,52,13.59375,47.75,153
880,2004-05-29,54.54545593,16.77499962,61.22499847,134
881,2004-05-30,46.54545593,15.40625,59.22499847,132
882,2004-05-31,51.54545593,14.60000038,52.65000153,117
883,2004-06-01,22.81818199,14.21875,89.05000305,133
884,2004-06-02,45.90909195,15.55624962,67.75,135
885,2004-06-03,42.81818008,15.19999981,59.97499847,148
886,2004-06-04,34.36363602,18.79375076,66.67500305,144
887,2004-06-05,20.54545403,17.49374962,66.5,130
888,2004-06-06,31,18.75,65.05000305,122
889,2004-06-07,52.48786545,20.375,51.45000076,173
890,2004-06-08,64.73483276,22.58124924,50.75,159
891,2004-06-09,50.54545593,18.91875076,60.07500076,135
892,2004-06-10,37.27272797,18.92499924,65.94999695,159
893,2004-06-11,49.72727203,17.08124924,48.95000076,138
894,2004-06-12,46,16.29999924,55.20000076,127
895,2004-06-13,57.36363602,17.8125,50.72499847,152
896,2004-06-14,40.09090805,21.46875,58.625,138
897,2004-06-15,40.29661179,20.76250076,50.92499924,138
898,2004-06-16,45.08022308,19.29999924,52.29999924,131
899,2004-06-17,45.85832596,17.38125038,56.125,134
900,2004-06-18,44.18181992,15.38124943,59.17499924,135
901,2004-06-19,41.27272797,12.46875,50.92499924,136
902,2004-06-20,39.90909195,11.875,58.47499847,108
903,2004-06-21,33.09090805,12.83125019,60.67500305,145
904,2004-06-22,37.72727203,14.11250019,60.02500153,121
905,2004-06-23,57.85700989,14.85000038,83.42500305,149
906,2004-06-24,55.75503922,15.11250019,47.77500153,125
907,2004-06-25,43.05172729,15.23124981,49.32500076,157
908,2004-06-26,38.30290604,14.44375038,63.09999847,132
909,2004-06-27,45,18.35625076,55.70000076,138
910,2004-06-28,37.81818008,15.21875,52.75,155
911,2004-06-29,39.7231636,16.89374924,55.09999847,129
912,2004-06-30,37.99293137,17.375,60.22499847,146
913,2004-07-01,43.30619812,15.29374981,56.59999847,122
914,2004-07-02,36.88069916,15.28750038,73.72499847,108
915,2004-07-03,43.82404709,15.57499981,58.47499847,120
916,2004-07-04,37.50487518,14.88749981,62.54127502,141
917,2004-07-05,34.44454956,15.25624943,46.75,130
918,2004-07-06,31.36839294,16.86249924,42.02500153,134
919,2004-07-07,48.03863525,16.75,62.77500153,112
920,2004-07-08,37.91013718,15.33125019,72.67500305,137
921,2004-07-09,35.61351013,14.68125057,60.375,157
922,2004-07-10,35.81818008,14.05000019,63.24478149,134
923,2004-07-11,39.18181992,14.59999943,67.5,142
924,2004-07-12,28.27272797,15.11874962,65.40000153,149
925,2004-07-13,35.72727203,15.11875057,45.02500153,140
926,2004-07-14,23.90909004,17.48125076,84.32499695,149
927,2004-07-15,16.63636398,19.45624924,75.02500153,136
928,2004-07-16,15.72727299,19.79999924,75.69999695,140
929,2004-07-17,25.81818199,19.76250076,67.125,133
930,2004-07-18,36,18.76875114,69.97499847,132
931,2004-07-19,33.38481903,16.41250038,48.70000076,137
932,2004-07-20,32.5099411,18.14375114,65.875,127
933,2004-07-21,41.61051941,19.38125038,69.875,116
934,2004-07-22,39,20.58124924,62.92500305,140
935,2004-07-23,44.36363602,19.85000038,51.40000153,146
936,2004-07-24,47.18181992,18.32500076,52.15000153,137
937,2004-07-25,50.45454407,17.76250076,57.67499924,120
938,2004-07-26,24.09090996,18.57500076,70.22499847,145
939,2004-07-27,34.36363602,18.68124962,53.625,135
940,2004-07-28,57.83629608,20.35625076,48.27500153,124
941,2004-07-29,73.90908813,22.07500076,40.92499924,140
942,2004-07-30,44.26414871,21.00625038,54.34999847,154
943,2004-07-31,62.06373596,21.17499924,45.54999924,144
944,2004-08-01,78.86281586,21.11250114,59.32500076,135
945,2004-08-02,73.68996429,21.5,60.34999847,127
946,2004-08-03,48.94131088,22.88125038,74.75,147
947,2004-08-04,41.23822403,21.83124924,54.45000076,147
948,2004-08-05,30.35096931,22.80000114,74.34999847,139
949,2004-08-06,39.59690857,21.61874962,57.07500076,146
950,2004-08-07,54.63636398,22.46875,42.15000153,121
951,2004-08-08,79.45454407,24.21875,49.875,131
952,2004-08-09,26,21.73125076,78.5,150
953,2004-08-10,26.81818199,21.71875,72.97499847,145
954,2004-08-11,43.09647369,20.13750076,64.65000153,130
955,2004-08-12,47.64566422,20.53125,78.34999847,126
956,2004-08-13,41.18332291,18.73125076,74.07499695,124
957,2004-08-14,50.23187637,19.89999962,64.47499847,127
958,2004-08-15,35.45547867,19.375,73.75,110
959,2004-08-16,39.01688385,18.57500076,73.05000305,120
960,2004-08-17,48.91149521,19.09375,64.67500305,118
961,2004-08-18,47.93926239,19.69375038,68.55000305,133
962,2004-08-19,49.62597656,18.33749962,69.875,152
963,2004-08-20,44.65180206,17.46249962,70.27500153,131
964,2004-08-21,32.4882164,15.45625019,54.21223068,126
965,2004-08-22,42.88035965,16.95624924,56.0440712,118
966,2004-08-23,41.43291855,17.51874924,85.00681305,115
967,2004-08-24,41.43994141,18.08124924,75.82499695,124
968,2004-08-25,28.68576813,17.05624962,69.32499695,118
969,2004-08-26,42.86348724,17.03750038,62.29999924,124
970,2004-08-27,25.41600609,17.27499962,88.27500153,143
971,2004-08-28,28.36363602,15.45625019,58.29999924,129
972,2004-08-29,42.36363602,15.19375038,72.15000153,126
973,2004-08-30,42.54545593,15.74375057,57.52500153,133
974,2004-08-31,22.74349403,14.76249981,64.90000153,119
975,2004-09-01,32.20419693,15.36874962,57.90000153,145
976,2004-09-02,44.36363602,18.21875,55.82500076,119
977,2004-09-03,41.72727203,19.24374962,53.40000153,154
978,2004-09-04,29.72727203,19.64999962,60.29999924,152
979,2004-09-05,53.90909195,21.10000038,50.75,144
980,2004-09-06,58.72727203,19.71875,62.5,140
981,2004-09-07,59.08026505,20.09375,67.625,126
982,2004-09-08,49.1240654,18.125,53.97499847,122
983,2004-09-09,26.73589134,19.89374924,54.875,144
984,2004-09-10,35.56586075,17.77499962,82.875,132
985,2004-09-11,68.92124939,18.46249962,61.04999924,133
986,2004-09-12,49.32202911,14.43124962,60.34999847,117
987,2004-09-13,46.51270676,16.03750038,74.42500305,121
988,2004-09-14,42.7347641,14.73124981,67.44484711,142
989,2004-09-15,28.91943741,13.58125019,57.27500153,129
990,2004-09-16,34.57302475,12.24374962,57.875,146
991,2004-09-17,53.05288696,15.68124962,76.44999695,135
992,2004-09-18,43.33401489,17.29375076,79.34999847,142
993,2004-09-19,40.44774628,12.86250019,67.59999847,125
994,2004-09-20,53.58985901,16.125,68.22499847,129
995,2004-09-21,52.24058914,13.1875,56.82500076,122
996,2004-09-22,33.9634285,14.88749981,76.59999847,156
997,2004-09-23,29.12383842,17.02499962,65.59999847,150
998,2004-09-24,21.06675339,11.38749981,54.75,112
999,2004-09-25,7.94397068,9.962499619,83.375,120
1000,2004-09-26,14.40261078,14.71250057,78.27500153,139
1001,2004-09-27,8.73489666,16.47500038,80.625,128
1002,2004-09-28,17.07296753,16.11249924,71.22499847,142
1003,2004-09-29,11.42461014,14.54374981,80.67500305,146
1004,2004-09-30,9.431416512,16.26250076,82.05000305,135
1005,2004-10-01,17.67050743,12.91874981,75.75,135
1006,2004-10-02,39.54598999,13.26249981,70.55000305,125
1007,2004-10-03,37.36349487,12.625,84.52500153,123
1008,2004-10-04,36.36982727,14.09358597,67.65000153,143
1009,2004-10-05,31.17888641,12.03125,65.375,146
1010,2004-10-06,32.61412048,11.91874981,65.52500153,143
1011,2004-10-07,18.73168755,11.0625,62,120
1012,2004-10-08,17.57427025,10.97500038,66.57499695,143
1013,2004-10-09,45.6083374,10.91874981,60.34999847,138
1014,2004-10-10,44.81450272,12.18124962,60.5,131
1015,2004-10-11,17.38080406,11.05000019,67.59999847,184
1016,2004-10-12,6.454545498,12.00625038,88.57499695,162
1017,2004-10-13,16.43002701,12.44999981,88.5,141
1018,2004-10-14,18.45593262,11.11250019,78.55000305,132
1019,2004-10-15,7,8.975000381,87.30000305,154
1020,2004-10-16,9.818181992,9.175000191,86.09999847,141
1021,2004-10-17,13.090909,9.168749809,81.17500305,133
1022,2004-10-18,11.40956116,10.5,69.72499847,137
1023,2004-10-19,10.31226254,9.268750191,82.05000305,140
1024,2004-10-20,19.4721508,13.78125,87.2749939,152
1025,2004-10-21,53.61818695,11.90000057,62.34999847,121
1026,2004-10-22,52.14047241,13.36874962,71.125,140
1027,2004-10-23,51.95423508,14.92500019,88.30000305,135
1028,2004-10-24,57.79710388,15.13125038,78.40000153,157
1029,2004-10-25,46.6057663,12.10000038,65.92500305,126
1030,2004-10-26,15.49808407,10.11250019,68.72499847,143
1031,2004-10-27,15.22290134,9.475000381,79.09999847,152
1032,2004-10-28,37.16521072,12.96875,71.84999847,157
1033,2004-10-29,32.25112915,12.80624962,75.07499695,137
1034,2004-10-30,9.181818008,13.21875,77.2250061,143
1035,2004-10-31,18.09090996,11.38749981,80.22499847,157
1036,2004-11-01,18.36363602,10.01249981,79.34999847,143
1037,2004-11-02,8.818181992,10.69999981,88.47499847,135
1038,2004-11-03,10.18181801,12.0625,78.27500153,156
1039,2004-11-04,14.81818199,10.6875,74.02500153,133
1040,2004-11-05,8.701805115,7.849999905,71.72499847,151
1041,2004-11-06,7.42414856,9.537500381,86.92500305,152
1042,2004-11-07,14.65459538,10.96875,88.59999847,151
1043,2004-11-08,19.58737373,10.69999981,91.57499695,170
1044,2004-11-09,14.55645561,9.03125,84.69999695,154
1045,2004-11-10,21.81818199,7.59375,75.94999695,105
1046,2004-11-11,15.090909,7.556249619,70.02500153,116
1047,2004-11-12,17.72727203,10.29374981,88.57500458,146
1048,2004-11-13,23,4.96875,55.17499924,166
1049,2004-11-14,9.363636017,4.59375,69.47499847,129
1050,2004-11-15,9.363636017,5.900000095,73.34999847,128
1051,2004-11-16,10.090909,10.125,80.52500153,144
1052,2004-11-17,35.90909195,11.96250057,77.30000305,157
1053,2004-11-18,30.90909004,8.550000191,90.94999695,151
1054,2004-11-19,13.47761726,3.074999809,71.09999847,140
1055,2004-11-20,4.287449837,1.993750095,86.80000305,160
1056,2004-11-21,10.9330225,6.793749809,93.79999542,153
1057,2004-11-22,33.30266571,10.68124962,72.65000153,173
1058,2004-11-23,9.92728138,10.94375038,82,151
1059,2004-11-24,3.280346632,10.26249981,85.65000153,134
1060,2004-11-25,5.80047369,9.53125,80.02500153,160
1061,2004-11-26,16.16845131,9.649999619,87.05000305,160
1062,2004-11-27,8.925070763,8.106249809,74.32499695,148
1063,2004-11-28,29.70439339,7.056250095,89.09999847,149
1064,2004-11-29,19.8369236,6.293749809,78.5,139
1065,2004-11-30,4.818181992,5.743749619,74.97499847,142
1066,2004-12-01,3.727272749,3.818749905,74.72499847,150
1067,2004-12-02,2.090909004,4.03125,86.80000305,174
1068,2004-12-03,2.181818247,3.825000048,92.40000153,128
1069,2004-12-04,1.909090877,6.349999905,88.52500153,164
1070,2004-12-05,8.272727013,8.418749809,87.25,118
1071,2004-12-06,10.45454502,9.393750191,72.32499695,162
1072,2004-12-07,2.727272749,6.306250095,87.19999695,167
1073,2004-12-08,1.818181872,8.018750191,85.625,142
1074,2004-12-09,2.636363745,5.46875,84.84999847,146
1075,2004-12-10,3.090909004,4.768750191,78.52500153,167
1076,2004-12-11,2.363636255,4.125,85.22499847,160
1077,2004-12-12,2.363636255,4.768750191,86.5249939,156
1078,2004-12-13,1.818181872,3.037499905,88.5,162
1079,2004-12-14,12.18181801,6,85.92500305,175
1080,2004-12-15,16.90909004,9.975000381,83.20000458,166
1081,2004-12-16,27.72727203,9.462499619,80.90000153,184
1082,2004-12-17,33.27272797,6.268750191,84.94999695,151
1083,2004-12-18,19.81818199,4.606249809,75.80000305,180
1084,2004-12-19,37,4.018750191,53.52500153,150
1085,2004-12-20,14.45454502,2.025000095,68.90000153,163
1086,2004-12-21,4.454545498,3.231250048,91.44999695,177
1087,2004-12-22,19.90909004,6.46875,87.77500153,193
1088,2004-12-23,45.90909195,10.66250038,72.57499695,172
1089,2004-12-24,50.81818008,8.5625,80.17500305,175
1090,2004-12-25,33.72727203,3.112499952,76.82499695,173
1091,2004-12-26,9.818181992,0.275000006,81.25,156
1092,2004-12-27,12.36363602,1.893750072,82.3500061,162
1093,2004-12-28,42.81818008,3.75,69.77500153,165
1094,2004-12-29,16.54545403,5.793749809,79.17500305,172
1095,2004-12-30,25,9.175000191,72.42500305,176
1096,2004-12-31,34.63636398,9.6875,81.77500153,177
1097,2005-01-01,46.54545593,8.387499809,82.17500305,200
1098,2005-01-02,45.63636398,5.856249809,62.40000153,158
1099,2005-01-03,41.27272797,7.150000095,80.27500153,191
1100,2005-01-04,47.81818008,8.637499809,76.05000305,181
1101,2005-01-05,27.09090996,5.275000095,79.75,194
1102,2005-01-06,34.36363602,8.037499428,82.90000153,174
1103,2005-01-07,58.54545593,11.05624962,71.07499695,193
1104,2005-01-08,55.27272797,8.762499809,56.79999924,174
1105,2005-01-09,45.54545593,9.231249809,79.22499847,196
1106,2005-01-10,35.45454407,10.23124981,87.22499847,161
1107,2005-01-11,42.54545593,9.706250191,89.17500305,177
1108,2005-01-12,41.35065079,7.849999905,63.97499847,174
1109,2005-01-13,15.98804092,5.743750095,71.5,163
1110,2005-01-14,12.62581062,4.887499809,70.92500305,195
1111,2005-01-15,10.33738899,6.96875,79.77500153,167
1112,2005-01-16,17.28153419,7.668749809,82.05000305,159
1113,2005-01-17,46.4833374,7.487500191,82.27500153,163
1114,2005-01-18,43.24714279,4.862499714,74.30000305,169
1115,2005-01-19,27.85346031,6.887499809,72.55000305,161
1116,2005-01-20,39.16542053,10.05624962,76.44999695,159
1117,2005-01-21,39.46059799,7.643749714,59.67499924,165
1118,2005-01-22,13.03551006,2.993750095,72.5,143
1119,2005-01-23,31.83658409,3.275000095,64.97499847,146
1120,2005-01-24,35.40655518,3.174999952,76.80000305,171
1121,2005-01-25,29.3609314,3.568749905,72.59999847,170
1122,2005-01-26,18.57650757,2.325000048,59.22499847,187
1123,2005-01-27,37.36363602,4.181250095,84.30000305,162
1124,2005-01-28,42.63636398,6.099999905,83.15000153,169
1125,2005-01-29,33.18181992,5.612500191,84.67500305,162
1126,2005-01-30,27.81818199,6.849999905,77.57499695,154
1127,2005-01-31,21.94611359,6.037499905,81.07499695,174
1128,2005-02-01,26.78460884,7.84375,84.05000305,166
1129,2005-02-02,25.07373619,7.206250191,70.57499695,152
1130,2005-02-03,3.272727251,6.731249809,87.05000305,181
1131,2005-02-04,4.909090996,8.100000381,78.07499695,175
1132,2005-02-05,18.54545403,6.28125,76.22499847,167
1133,2005-02-06,17.54545403,7.056250095,79.82499695,162
1134,2005-02-07,7.909090996,5.037499905,80.57499695,152
1135,2005-02-08,5.363636494,5.662499905,83.92500305,171
1136,2005-02-09,30.45454597,7,78.32499695,151
1137,2005-02-10,45.72727203,9.625,85.02500153,152
1138,2005-02-11,20.45454597,8.606249809,94.05000305,185
1139,2005-02-12,59.09090805,9.875,69.40000153,170
1140,2005-02-13,61.27272797,4.837500095,63.125,160
1141,2005-02-14,45.27272797,4.337500095,53.29999924,179
1142,2005-02-15,40.81818008,4.050000191,63.74493408,154
1143,2005-02-16,26.72727203,3.181250095,62.875,156
1144,2005-02-17,3.553616047,2.762500048,80.375,172
1145,2005-02-18,19.75059891,6.268750191,83.82499695,170
1146,2005-02-19,44.18181992,4.21875,52.80000305,184
1147,2005-02-20,45,1.78125,73.67500305,166
1148,2005-02-21,34.76299286,3.331249952,72.80000305,170
1149,2005-02-22,38.90717697,1.943750024,71.55000305,170
1150,2005-02-23,38.1800499,1.174999952,81.17500305,167
1151,2005-02-24,30.82805061,1.5,90,164
1152,2005-02-25,23.37251282,1.112499952,80.30000305,176
1153,2005-02-26,34.75992966,2.356250048,87.65000153,175
1154,2005-02-27,54.85894394,1.149999976,76.59999847,145
1155,2005-02-28,23.6507206,-0.600000024,69.34999847,193
1156,2005-03-01,28.80628967,2.650000095,87.15000153,182
1157,2005-03-02,23.36363602,2.112499952,84.30000305,172
1158,2005-03-03,48.36363602,1.318750024,65.5,173
1159,2005-03-04,19.72727203,1.34375,84.73928833,195
1160,2005-03-05,42.09090805,3.043750048,63.45000076,194
1161,2005-03-06,60.55490494,1.262500048,66.42500305,164
1162,2005-03-07,14.18301773,3.087500095,75.09999847,178
1163,2005-03-08,20.09090996,5.637499809,68.69999695,189
1164,2005-03-09,21.09090996,6.181250095,69.05000305,182
1165,2005-03-10,7.454545498,6.525000095,73.84999847,160
1166,2005-03-11,39.90909195,6.675000191,60.625,181
1167,2005-03-12,47.81818008,5.318749905,53.90000153,147
1168,2005-03-13,27.36363602,3.068749905,62.40000153,152
1169,2005-03-14,29.27722168,5.224999905,61.82500076,183
1170,2005-03-15,47.68582153,8.199999809,78.72499847,174
1171,2005-03-16,60.51971436,13.95625019,67.40000153,166
1172,2005-03-17,49.41492844,14.75,66.65000153,187
1173,2005-03-18,32.54545593,14.14999962,62.92499924,163
1174,2005-03-19,13.36363602,13.65697861,67.24474335,174
1175,2005-03-20,9.363636017,11.13749981,82.8999939,143
1176,2005-03-21,14,10.80000019,67.82499695,177
1177,2005-03-22,41.27272797,12.55624962,81.17500305,162
1178,2005-03-23,42.81818008,12.65625,66.875,146
1179,2005-03-24,30.45454597,12.96249962,74.22499847,170
1180,2005-03-25,39.45454407,12.05000019,67.40000153,160
1181,2005-03-26,31,10.61875057,65.22499847,201
1182,2005-03-27,42.36363602,8.868749619,82.65000153,146
1183,2005-03-28,47.27272797,10.01875019,68.34999847,164
1184,2005-03-29,24,7.993750095,92.27500153,161
1185,2005-03-30,3.181818247,8.993749619,93.17500305,141
1186,2005-03-31,3.636363745,9.475000381,89.47499847,152
1187,2005-04-01,22.72727203,12.04374981,68.82499695,140
1188,2005-04-02,27.72727203,13.13125038,41.97499847,131
1189,2005-04-03,54.09090805,13.15625,55.22499847,165
1190,2005-04-04,41.72727203,10.60000038,80.22499847,143
1191,2005-04-05,53.72727203,8.225000381,57.77500153,141
1192,2005-04-06,64.72727203,10.47500038,74.77500153,164
1193,2005-04-07,56.36363602,9.643750191,67.09999847,154
1194,2005-04-08,43.63636398,5.381249905,67.15000153,126
1195,2005-04-09,53.72727203,4.693749905,51.59999847,138
1196,2005-04-10,46.63636398,10.85624981,56.84999847,153
1197,2005-04-11,28.09090996,11.1875,54.52500153,189
1198,2005-04-12,26.63636398,9.868749619,71.80000305,156
1199,2005-04-13,44.54545593,9.762499809,76.25,150
1200,2005-04-14,46.72727203,9.193750381,74.82499695,126
1201,2005-04-15,11.45454502,6.650000095,85.2250061,134
1202,2005-04-16,25.63636398,6.25,69.59999847,161
1203,2005-04-17,47.36363602,8.237500191,48.02500153,144
1204,2005-04-18,48.72727203,11.33125019,57.47499847,152
1205,2005-04-19,27.51139259,9.024999619,64.25,134
1206,2005-04-20,30.26698303,7.962500095,67.22499847,134
1207,2005-04-21,39.90909195,10.48124981,50.54999924,139
1208,2005-04-22,35.45454407,10.94375038,42.92499924,138
1209,2005-04-23,24.45454597,11.23750019,66.75,150
1210,2005-04-24,53.09090805,10.75625038,64.25,140
1211,2005-04-25,23.81818199,10.53750038,87.69999695,149
1212,2005-04-26,49.09274292,11.26249981,70.25,145
1213,2005-04-27,48.09688568,10.71875,70.125,164
1214,2005-04-28,43.90909195,11.65625,69.27500153,141
1215,2005-04-29,48.72727203,14.38749981,62.07500076,152
1216,2005-04-30,31.81818199,17.11249924,75.27500153,167
1217,2005-05-01,49.81818008,18.8125,57.02500153,163
1218,2005-05-02,58.54545593,17.02499962,66.05000305,137
1219,2005-05-03,56.56151199,14.44999981,63.375,145
1220,2005-05-04,48.91323853,10.80000019,80.57499695,142
1221,2005-05-05,39.89445877,10.61250019,63.82500076,148
1222,2005-05-06,60.72727203,13.375,45.125,147
1223,2005-05-07,64.72727203,11.95625019,49.52500153,136
1224,2005-05-08,62.36363602,9.887499809,44.34999847,133
1225,2005-05-09,46.45454407,8.449999809,55.84999847,134
1226,2005-05-10,41.72727203,7.862499714,61.82500076,135
1227,2005-05-11,48.63636398,7.4375,51.84999847,144
1228,2005-05-12,63.54545593,8.837499619,49.24492645,166
1229,2005-05-13,73.45454407,11.33749962,53.625,120
1230,2005-05-14,69.27272797,10.41250038,55.07500076,143
1231,2005-05-15,63.27272797,10.54374981,45.95000076,155
1232,2005-05-16,41.45454407,11.39375019,68.34999847,155
1233,2005-05-17,53.54545593,8.3125,44.625,123
1234,2005-05-18,60.54545593,10,47.02500153,123
1235,2005-05-19,40.72727203,11.91250038,84.65000153,139
1236,2005-05-20,53,15.1875,73.77500153,121
1237,2005-05-21,55.72727203,12.29374981,72.875,153
1238,2005-05-22,75.91890717,12.86874962,59.44999695,129
1239,2005-05-23,64.60569,12.07499981,49,128
1240,2005-05-24,61.7615242,13.72500038,82.02500153,169
1241,2005-05-25,44.72727203,16.16875076,70.30000305,145
1242,2005-05-26,45.05221558,19.35000038,56.57499695,152
1243,2005-05-27,78.28369904,21.64374924,45.02500153,156
1244,2005-05-28,64.41944885,17.64374924,56.29999924,146
1245,2005-05-29,45.67033768,13.07499981,56.79999924,146
1246,2005-05-30,44.41033936,14.38749981,50.52500153,104
1247,2005-05-31,42.88194275,13.91874981,50.70000076,139
1248,2005-06-01,24.51893997,13.19999981,72.65000153,135
1249,2005-06-02,29.15049934,15.81875038,78.44999695,127
1250,2005-06-03,41.68174362,16.79999924,64.15000153,131
1251,2005-06-04,53.58139801,15.13125038,56,130
1252,2005-06-05,51.3045578,15.16874981,61.52499771,115
1253,2005-06-06,42.02512741,13.64375019,69.72499847,126
1254,2005-06-07,42.23692703,11.41874981,46.75,103
1255,2005-06-08,29.86394691,13.71875,39.15000153,147
1256,2005-06-09,46.9340477,15.02499962,38.82500076,132
1257,2005-06-10,39.1930275,15.75625038,65.80000305,158
1258,2005-06-11,41.94833374,11.30624962,53.54999924,128
1259,2005-06-12,49.05711365,14.80000019,61.15000153,128
1260,2005-06-13,46.83164978,12.58125019,44.82500076,145
1261,2005-06-14,51.26364136,13.97500038,50.92499924,111
1262,2005-06-15,52.54545593,15.76249981,69.15000153,124
1263,2005-06-16,35,16.64999962,80.72499847,113
1264,2005-06-17,17.8298111,20.80624962,70.47499847,156
1265,2005-06-18,40.65406036,22.50625038,55.70000076,132
1266,2005-06-19,67.92589569,24.52499962,42.32500076,147
1267,2005-06-20,48.94255447,22.75625038,61.17499924,161
1268,2005-06-21,49.50196075,20.09375,38.875,142
1269,2005-06-22,57.10494995,21.25625038,47.65000153,133
1270,2005-06-23,75.9146347,23.03750038,35.5,137
1271,2005-06-24,48.5375824,22.00625038,54.22499847,197
1272,2005-06-25,59.31081009,17.32500076,80.875,134
1273,2005-06-26,60.4921875,16.44375038,63.375,107
1274,2005-06-27,52.63840103,18.28750038,55.59999847,116
1275,2005-06-28,59.39622498,19.35625076,46.79999924,119
1276,2005-06-29,51.72727203,19.71249962,66.97499847,118
1277,2005-06-30,40.18181992,16.89999962,83.375,129
1278,2005-07-01,31.52112007,16.92499924,64.34999847,138
1279,2005-07-02,32.63636398,18.75,73.34999847,145
1280,2005-07-03,42.63636398,16.49374962,74.97499847,127
1281,2005-07-04,30.90909004,14.94375038,56.22499847,135
1282,2005-07-05,29.97310829,13.52499962,71.65000153,134
1283,2005-07-06,32.84714508,16.1875,59.07500076,128
1284,2005-07-07,42.3862915,15.56874943,74.05000305,128
1285,2005-07-08,46.09090805,16.125,64.25,125
1286,2005-07-09,72.45454407,17.86249924,74.02500153,125
1287,2005-07-10,69.72727203,21.11874962,53.42499924,140
1288,2005-07-11,37.36363602,22.07499886,55.15000153,135
1289,2005-07-12,41.27272797,20.20000076,51.84999847,132
1290,2005-07-13,50,21.78750038,51.15000153,153
1291,2005-07-14,72.27272797,23.56875038,46.57500076,142
1292,2005-07-15,64.54545593,21.65625,57.57500076,155
1293,2005-07-16,55.90909195,18.77499962,45.27500153,136
1294,2005-07-17,75.72727203,21.28125,40.20000076,133
1295,2005-07-18,51.75110245,20.11250114,50.34999847,138
1296,2005-07-19,46.31607056,17.76874924,41.90000153,128
1297,2005-07-20,45.81793594,19.33749962,42.45000076,111
1298,2005-07-21,37.09090805,17.375,55.42499924,113
1299,2005-07-22,23.18181801,16.85000038,69.375,133
1300,2005-07-23,26.90909004,18.98749924,64.44999695,114
1301,2005-07-24,29.78438759,18.04374886,85.25,119
1302,2005-07-25,30.28740311,16.34375,85.375,114
1303,2005-07-26,33.94139481,16.50625038,57.32500076,136
1304,2005-07-27,25.80361176,14.72499943,94.6000061,115
1305,2005-07-28,30.63636398,19.33749962,80.59999847,143
1306,2005-07-29,50.46374512,18.40625,55.5,135
1307,2005-07-30,34.9737854,16.875,69.34999847,120
1308,2005-07-31,30.72591972,16.79999924,70.55000305,138
1309,2005-08-01,22.96206856,17.56875038,75.34999847,132
1310,2005-08-02,41.34662628,18.00625038,60.15000153,119
1311,2005-08-03,33.09590149,18.89374924,49.99468994,130
1312,2005-08-04,26.92555618,17.375,51.90207672,131
1313,2005-08-05,30.80746269,17.37827301,74.31851196,123
1314,2005-08-06,31.21160316,15.52499962,58.22499847,130
1315,2005-08-07,41.06955719,15.53125,50.20000076,115
1316,2005-08-08,30.224123,15.96249962,51.09999847,134
1317,2005-08-09,28.11707687,18.13125038,42.125,125
1318,2005-08-10,25.70123672,19.14999962,59.25,144
1319,2005-08-11,32.82494354,19.65625,53.375,127
1320,2005-08-12,25.90909004,17.73125076,59.09999847,150
1321,2005-08-13,24.90909004,16.11249924,72.75,142
1322,2005-08-14,38,16.18124962,70.72499847,139
1323,2005-08-15,27.72727203,16.92499924,59.32500076,137
1324,2005-08-16,34,18.53125,51.79999924,117
1325,2005-08-17,39.45454407,19.42499924,52.15000153,133
1326,2005-08-18,47.63636398,21.16250038,52.45000076,147
1327,2005-08-19,23.36363602,17.38125038,91.42500305,131
1328,2005-08-20,29.36363602,16.64374924,64.02500153,121
1329,2005-08-21,35.18181992,19.29375076,56.59999847,123
1330,2005-08-22,11.54545498,15.99375057,94.02500153,111
1331,2005-08-23,28.54545403,16.40625,56.79999924,106
1332,2005-08-24,30.27401161,15.05624962,79.52500153,119
1333,2005-08-25,34.82352829,14.89375019,61.07500076,113
1334,2005-08-26,32.54545593,14.66875076,51.97499847,120
1335,2005-08-27,28,16.38750076,64.05000305,136
1336,2005-08-28,42.27272797,17.66875076,57.29999924,122
1337,2005-08-29,36.54545593,18.60000038,61.27500153,131
1338,2005-08-30,35.90909195,20.79999924,57.32500076,135
1339,2005-08-31,63.90909195,22.78750038,51.84999847,152
1340,2005-09-01,54.54545593,20.44491577,58.27500153,130
1341,2005-09-02,39.18181992,18.25815964,52.22499847,117
1342,2005-09-03,56,19.64452744,66.47499847,109
1343,2005-09-04,58.18181992,22.45904922,59.52500153,140
1344,2005-09-05,24.54545403,20.06624222,76.02500153,149
1345,2005-09-06,10.909091,18.68014526,73.625,118
1346,2005-09-07,41.63636398,18.68025398,58.27500153,131
1347,2005-09-08,42.63452148,19.3303318,60.40000153,153
1348,2005-09-09,16.09428978,19.55925941,70.59999847,118
1349,2005-09-10,27.34966469,19.82357979,79.92500305,116
1350,2005-09-11,37.36363602,16.52943993,91.80000305,133
1351,2005-09-12,33.72727203,17.6578331,69.09999847,121
1352,2005-09-13,37.43598938,16.75124359,64.80000305,111
1353,2005-09-14,38.70995712,19.75844955,73.40000153,125
1354,2005-09-15,21.26722717,17.73646355,91.94999695,118
1355,2005-09-16,47.48522186,13.18576241,64.05000305,139
1356,2005-09-17,24.63636398,10.62796783,53.45000076,116
1357,2005-09-18,14.90942097,11.87152195,74.72499847,136
1358,2005-09-19,25.27272797,16.27228546,62.92499924,142
1359,2005-09-20,22.72727203,16.16543198,66.97499847,129
1360,2005-09-21,25.54545403,16.94355774,74.19999695,128
1361,2005-09-22,33.40622711,15.66544914,68.27500153,115
1362,2005-09-23,26.90909004,14.79471207,86.375,107
1363,2005-09-24,27.27272797,12.49966908,58.02027512,119
1364,2005-09-25,35.90909195,16.21520042,71.0249939,110
1365,2005-09-26,37.09090805,13.83593273,68.77500153,127
1366,2005-09-27,39,16.20057487,71.97499847,154
1367,2005-09-28,39.21711731,11.73509884,63.25,119
1368,2005-09-29,27.8132,11.94967842,60.57500076,142
1369,2005-09-30,18.06997108,15.16449547,91.72499847,144
1370,2005-10-01,37.09090805,13.5855608,70.15000153,136
1371,2005-10-02,30.45454597,11.47049809,59.59999847,121
1372,2005-10-03,8.727272987,10.55665207,72.5,132
1373,2005-10-04,14.5688076,12.64973831,64.875,140
1374,2005-10-05,16.63636398,13.06420708,82.57499695,151
1375,2005-10-06,10.81818199,14.71427631,85.69999695,141
1376,2005-10-07,9.636363983,16.00785255,74.55000305,164
1377,2005-10-08,38.18181992,15.45773411,74.94999695,125
1378,2005-10-09,24.18181801,11.98537827,65.90000153,121
1379,2005-10-10,35.18181992,15.67245388,66.22499847,137
1380,2005-10-11,39.93964386,18.28053856,72.82499695,147
1381,2005-10-12,26.05824661,18.12959862,87.40000153,150
1382,2005-10-13,19.51228905,14.11423874,86.375,119
1383,2005-10-14,26.72727203,13.9925251,83.375,110
1384,2005-10-15,16.63636398,16.94363594,70.02500153,146
1385,2005-10-16,15.88448429,14.47909164,73.09999847,99
1386,2005-10-17,5.103423119,14.33696079,84.875,135
1387,2005-10-18,3.631869316,11.44923782,73.15000153,140
1388,2005-10-19,22.32009506,13.09984398,82.65000153,132
1389,2005-10-20,33.7021904,12.93527794,65.875,124
1390,2005-10-21,42.54545593,13.61446762,75.7250061,145
1391,2005-10-22,26.72727203,13.36397934,76.52500153,131
1392,2005-10-23,15.36363602,11.21404362,79.47499847,140
1393,2005-10-24,39.54545593,13.40703583,92.80000305,140
1394,2005-10-25,48.45454407,15.28604412,67.47499847,129
1395,2005-10-26,21.45454597,15.04325771,85.65000153,135
1396,2005-10-27,30,17.48011398,69.05000305,138
1397,2005-10-28,38.36363602,15.55758381,82.19999695,147
1398,2005-10-29,32.36363602,14.45055771,86.05000305,140
1399,2005-10-30,43.09090805,16.77240944,76.02500153,143
1400,2005-10-31,21.81818199,13.27799988,89.97499847,110
1401,2005-11-01,35.47704315,12.25,70.72499847,133
1402,2005-11-02,42.91579056,13.85000038,90.57499695,142
1403,2005-11-03,58.65893936,14.73124981,72.45000458,128
1404,2005-11-04,36.76244354,10.84375,67.65000153,148
1405,2005-11-05,32.68563843,9.056249619,78.97499847,128
1406,2005-11-06,49.71536636,11.97500038,87.72499847,126
1407,2005-11-07,28.10966492,11.13125038,74.22499847,143
1408,2005-11-08,44.31879807,13.67500019,72.67500305,147
1409,2005-11-09,18.38731766,9.543749809,73.19999695,124
1410,2005-11-10,28.79800224,9.524999619,87.34999847,122
1411,2005-11-11,48.60134888,12.83749962,74.65000153,130
1412,2005-11-12,28.22756767,8.237500191,71.40000153,126
1413,2005-11-13,16.60860634,6.206250191,82.65000153,122
1414,2005-11-14,4.772598267,5.181250095,79.40000153,127
1415,2005-11-15,14.29886532,7.800000191,76.77500153,152
1416,2005-11-16,21.76246834,5.699999809,68.09999847,137
1417,2005-11-17,5.273384571,2.881249905,68.22499847,115
1418,2005-11-18,3.881900072,2.262500048,76.84999847,147
1419,2005-11-19,3.875136375,2.924999952,81.25,152
1420,2005-11-20,2.788878918,2.206249952,82.97499847,121
1421,2005-11-21,2.489022732,2.9375,84.5,132
1422,2005-11-22,2.091016769,4.6875,87.59999847,159
1423,2005-11-23,2.191130877,4.050000191,93.65000153,159
1424,2005-11-24,14.61206245,5.412499905,78.75,156
1425,2005-11-25,23.190979,1.368749976,74.52500153,143
1426,2005-11-26,17.78973389,3.231249809,82.19999695,136
1427,2005-11-27,13.81676102,3.087500095,84.94999695,132
1428,2005-11-28,10.64318085,3.206249952,75.19999695,141
1429,2005-11-29,7.562903881,2.856250048,77.875,159
1430,2005-11-30,10.21966076,3.700000048,81.55000305,145
1431,2005-12-01,26.42478561,7.068749905,88.09999847,157
1432,2005-12-02,43.72654343,8.625,77.34999847,175
1433,2005-12-03,36.76196671,8.087499619,81.75,151
1434,2005-12-04,15.4024992,6.875,84.05000305,133
1435,2005-12-05,9.728413582,6.412499905,81.27500153,129
1436,2005-12-06,2.388843298,3.862499952,88.42500305,147
1437,2005-12-07,6.064391136,3.5,86,161
1438,2005-12-08,13.81533527,5.224999905,87.07499695,151
1439,2005-12-09,1.696028829,3.287499905,92.80000305,150
1440,2005-12-10,2.292016745,4.46875,83.57499695,150
1441,2005-12-11,1.696363091,3.200000048,90.15000153,139
1442,2005-12-12,16.09644699,4.506249905,77.65000153,146
1443,2005-12-13,11.53411674,5.793749809,77.125,149
1444,2005-12-14,11.42922688,6,79.82500458,161
1445,2005-12-15,17.5748024,8.387499809,74.20000458,190
1446,2005-12-16,38.05425262,8.737500191,65.32499695,173
1447,2005-12-17,26.04367828,2.992834806,55.52500153,135
1448,2005-12-18,12.31576443,1.277671933,70.15000153,133
1449,2005-12-19,15.11377525,4.693908215,80.05000305,165
1450,2005-12-20,2.689614773,3.431250095,79,152
1451,2005-12-21,8.436730385,6.768750191,85.32499695,164
1452,2005-12-22,19.15979004,7.506249905,77.40000153,157
1453,2005-12-23,20.20956612,8.637806892,70.82499695,144
1454,2005-12-24,10.24477673,8.75,82.5,153
1455,2005-12-25,24.35951614,4.168749809,79.65000153,154
1456,2005-12-26,33.26908875,3.46875,84.69999695,169
1457,2005-12-27,30.06263733,1.231250048,82.72499847,146
1458,2005-12-28,24.44202423,-0.193749994,84.38335419,158
1459,2005-12-29,13.03702259,0.006249994,88.07499695,158
1460,2005-12-30,29.22717285,3.481250048,92.97499847,176
1461,2005-12-31,46.15328598,5.931250095,75.44999695,176
1462,2006-01-01,25.50846481,5.737500191,78.75,147
1463,2006-01-02,11.61260986,6.268750191,86.94999695,145
1464,2006-01-03,5.229525566,7.224999905,92.02500153,157
1465,2006-01-04,19.8453064,5.59375,83.52500153,153
1466,2006-01-05,7.417328835,2.78125,75.09999847,150
1467,2006-01-06,2.711876631,3,75.97499847,154
1468,2006-01-07,1.728914976,2.049999952,91.5,153
1469,2006-01-08,1.842507958,3.056250095,88.875,160
1470,2006-01-09,5.236297607,5.424999714,90.34999847,172
1471,2006-01-10,25.5082531,6.393750191,83.47499847,152
1472,2006-01-11,23.79649734,7.581250191,75.59999847,153
1473,2006-01-12,12.01805496,3.0625,84.44999695,162
1474,2006-01-13,20.34126663,5.849999905,77.875,156
1475,2006-01-14,20.86159134,7.599999905,87.07499695,148
1476,2006-01-15,29.55135536,8.074999809,86.69999695,142
1477,2006-01-16,28.7539196,7.400000095,89.05000305,149
1478,2006-01-17,19.01937103,7.525000095,83.47499847,168
1479,2006-01-18,8.376992226,8.84375,89.25,148
1480,2006-01-19,22.38112831,9.618749619,89.09999847,152
1481,2006-01-20,42.39990234,8.550000191,68.47499847,149
1482,2006-01-21,19.0257225,6.125,75.30000305,160
1483,2006-01-22,10.27256393,2.799999952,80.00428772,138
1484,2006-01-23,7.655813217,1.71875,74.77500153,148
1485,2006-01-24,3.026589394,0.743750036,76.32499695,148
1486,2006-01-25,14.77332783,1.524999976,79.69999695,167
1487,2006-01-26,41.75864792,2.893749952,65.69999695,143
1488,2006-01-27,35.63602829,2.487499952,66.25,137
1489,2006-01-28,37.28631973,2.768749952,65.625,156
1490,2006-01-29,43.99370193,3.212500095,70.42500305,186
1491,2006-01-30,45.95874023,4.349999905,73,147
1492,2006-01-31,27.38923836,4.268750191,78.05000305,159
1493,2006-02-01,2.054008722,1.28125,83.125,160
1494,2006-02-02,2.720264912,-0.71875,83.47499847,159
1495,2006-02-03,2.279757023,0.143749997,87.34882355,147
1496,2006-02-04,7.751541615,2.381249905,75.27500153,176
1497,2006-02-05,3.809525013,4.568749905,83.65000153,135
1498,2006-02-06,15.53700829,5.337500095,69.84999847,160
1499,2006-02-07,30.98336792,7.212500095,72.72499847,153
1500,2006-02-08,35.67169571,6.199999809,66.375,147
1501,2006-02-09,25.52549934,3.331249952,51.97499847,135
1502,2006-02-10,15.00275517,2.387500048,64.30000305,159
1503,2006-02-11,11.15514851,2.799999952,70.625,142
1504,2006-02-12,33.82785416,5.231249809,93.90000153,167
1505,2006-02-13,23.50058937,8.625,81.375,176
1506,2006-02-14,44.37794113,8.712499619,73.72499847,179
1507,2006-02-15,53.84006882,9.131250381,73.02500153,178
1508,2006-02-16,50.41314316,6.875,76.19999695,165
1509,2006-02-17,33.19578171,7.306250095,69,132
1510,2006-02-18,14.22764587,4.3125,80.32499695,157
1511,2006-02-19,22.21122169,4.631249905,92.05000305,163
1512,2006-02-20,48.38022614,5.212500095,61.77500153,156
1513,2006-02-21,48.52012253,3.65625,80.875,145
1514,2006-02-22,41.71263885,2.775000095,81.92500305,156
1515,2006-02-23,23.69357872,1.649999976,91.84999847,158
1516,2006-02-24,28.3006382,1.956249952,70.34999847,193
1517,2006-02-25,58.35380936,3.9375,59.52500153,173
1518,2006-02-26,58.98321915,4.087500095,62.375,162
1519,2006-02-27,30.57531929,3.78125,65.75,168
1520,2006-02-28,41.99435043,3.168750048,53.5,163
1521,2006-03-01,29.96570015,1.456249952,59.57302094,147
1522,2006-03-02,19.71106529,1.162500024,63.79431534,145
1523,2006-03-03,15.68121147,1.806249976,62.72499847,174
1524,2006-03-04,23.90686226,0.743749976,61.45000076,156
1525,2006-03-05,39.34279633,2.912499905,52.64600372,142
1526,2006-03-06,26.39838791,3.993750095,62.97499847,163
1527,2006-03-07,21.10707855,4.662499905,86.47499847,173
1528,2006-03-08,17.01980972,8.162500381,90.90000153,158
1529,2006-03-09,38.67031097,9.037500381,85,173
1530,2006-03-10,53.73392868,6.006249905,65.02500153,162
1531,2006-03-11,62.58704376,3.875,68.97499847,127
1532,2006-03-12,55.07826233,1.856250048,58.82500076,152
1533,2006-03-13,57.1391983,2.262500048,45.8133812,187
1534,2006-03-14,36.8929863,3.868750095,65.875,180
1535,2006-03-15,28.18767548,6.21875,63.15000153,154
1536,2006-03-16,53.89110565,1.84375,76.59999847,152
1537,2006-03-17,68.11306,3.275000095,68.40000153,155
1538,2006-03-18,69.11357117,4.012499809,61.57499695,137
1539,2006-03-19,72.5083847,5.5625,61.75,151
1540,2006-03-20,58.38038254,3.96875,71.59999847,170
1541,2006-03-21,61.34076691,3.743750095,54.20000076,145
1542,2006-03-22,51.99047852,3.056249857,52.65000153,161
1543,2006-03-23,25.83563614,5.125,40.17499924,168
1544,2006-03-24,36.65333939,9.106249809,84.09999847,189
1545,2006-03-25,59.26457214,11.14375019,77.09999847,159
1546,2006-03-26,46.32168961,12.66053486,87,146
1547,2006-03-27,71.7009964,11.96875,82.80000305,165
1548,2006-03-28,62.22008514,10.60624981,64.375,155
1549,2006-03-29,49.76081085,9.868749619,70.32499695,168
1550,2006-03-30,61.05140686,11.56875038,75.875,137
1551,2006-03-31,65.10742188,12.64999962,63.20000076,169
1552,2006-04-01,72.18438721,11.31875038,59.90000153,160
1553,2006-04-02,72.19815063,9.774999619,73.42500305,119
1554,2006-04-03,50.83354187,9.193749428,57.90000153,138
1555,2006-04-04,54.88122177,5.550000191,53.77500153,148
1556,2006-04-05,41.84233093,5.34375,40.47499847,134
1557,2006-04-06,44.60051727,7.143749714,38.57500076,162
1558,2006-04-07,47.96230698,7.800000191,70.15000153,138
1559,2006-04-08,72.7170105,8.649999619,45.17499924,143
1560,2006-04-09,55.8976059,6.287500381,62.15000153,122
1561,2006-04-10,45.56929016,5.662499905,54.15000153,157
1562,2006-04-11,39.58723068,5.162499905,71.02500153,141
1563,2006-04-12,46.29823685,8.574999809,55.54999924,164
1564,2006-04-13,53.6640892,12.14999962,70.57499695,147
1565,2006-04-14,39.89007568,11.09375,76.09999847,133
1566,2006-04-15,17.79361534,11.05624962,79.25,133
1567,2006-04-16,33.72911072,11.24374962,63,126
1568,2006-04-17,55.20917511,10.44375038,55.20000076,147
1569,2006-04-18,52.05090332,10.24374962,53.27500153,138
1570,2006-04-19,56.58826447,10.73750019,63.42499924,142
1571,2006-04-20,48.71641159,11.58125019,82.07499695,158
1572,2006-04-21,29.12584114,13.43124962,56.84999847,120
1573,2006-04-22,54.53921127,12.20625019,55.44999695,129
1574,2006-04-23,41.45195389,10.78750038,84.19999695,152
1575,2006-04-24,23.86735153,11.77499962,82.94999695,134
1576,2006-04-25,17.70303726,10.875,81.57499695,123
1577,2006-04-26,43.42061996,11.75625038,60.125,153
1578,2006-04-27,31.33104897,12.60000038,53.02500153,146
1579,2006-04-28,45.52135086,10.98750019,55.375,145
1580,2006-04-29,59.8266449,10.08749962,48.92499924,158
1581,2006-04-30,52.35433197,9.381250381,66.77500153,131
1582,2006-05-01,59.26891327,11.05624962,65.57499695,145
1583,2006-05-02,45.25390244,10.21875,61.22499847,135
1584,2006-05-03,39.87073135,13.79374981,63.45000076,127
1585,2006-05-04,52.94112015,19.625,46.70000076,127
1586,2006-05-05,58.32635117,16.29999924,54.45000076,140
1587,2006-05-06,19.24798965,12.43124962,70.80000305,133
1588,2006-05-07,48.66890717,14.54374981,69.42500305,148
1589,2006-05-08,37.0889473,12.85624981,83.92500305,134
1590,2006-05-09,37.94070435,13.89999962,74.97499847,122
1591,2006-05-10,50.81761551,15.88125038,65.52500153,140
1592,2006-05-11,49.57249451,15.76249981,39.92499924,132
1593,2006-05-12,46.99345779,16.68124962,44,140
1594,2006-05-13,60.59580231,14.65625,67.47499847,138
1595,2006-05-14,60.24951172,13.31875038,77.52500153,139
1596,2006-05-15,38.45397949,14.4375,73.15000153,139
1597,2006-05-16,37.82118988,14.29374981,71.57499695,135
1598,2006-05-17,31.177742,13.56875038,84.84999847,131
1599,2006-05-18,63.88027954,14.59375,67.19999695,143
1600,2006-05-19,61.45682907,13.78125,68.84999847,114
1601,2006-05-20,59.14135361,12.82500076,75.625,128
1602,2006-05-21,51.86720657,12.55000019,87.375,118
1603,2006-05-22,55.07657242,12.40625,78.15000153,151
1604,2006-05-23,44.3124733,10.24374962,61.57499695,125
1605,2006-05-24,65.14157104,11.67500019,71.94999695,123
1606,2006-05-25,48.46881485,13.67500019,62.57500076,130
1607,2006-05-26,23.63443375,15.88749981,81.72499847,149
1608,2006-05-27,22.97037315,15.14375019,88.2250061,125
1609,2006-05-28,51.26860428,13.80000019,54.20000076,124
1610,2006-05-29,57.76711655,11.66250038,54.72499847,128
1611,2006-05-30,46.86017227,9.387499809,49.59999847,140
1612,2006-05-31,48.84164429,10.42079544,46.57500076,132
1613,2006-06-01,23.34285927,10.86250019,61.72499847,116
1614,2006-06-02,26.18619156,14.63749981,63.5,158
1615,2006-06-03,53.87498093,16.46875,39.17499924,130
1616,2006-06-04,53.27052307,16.58124924,48.22499847,139
1617,2006-06-05,44.89390564,15.89375019,59.125,129
1618,2006-06-06,54.44882202,14.68124962,51.57500076,133
1619,2006-06-07,50.21222687,18.20000076,52.57500076,136
1620,2006-06-08,62.92906952,20.08749962,48.97500229,136
1621,2006-06-09,72.59949493,19.66250038,43.375,143
1622,2006-06-10,87.47825623,21.35625076,37.59999847,151
1623,2006-06-11,71.93469238,22.73749924,51.57500076,150
1624,2006-06-12,73.96948242,24.54375076,41.07500076,164
1625,2006-06-13,29.16573143,20.35000038,78.55000305,169
1626,2006-06-14,52.80472946,15.96249962,77.34999847,116
1627,2006-06-15,54.90896225,15.61874962,55.54999924,130
1628,2006-06-16,52.98896027,17.91875076,52.34999847,145
1629,2006-06-17,74.54984283,20.88750076,44.15000153,143
1630,2006-06-18,99.55774689,19.95625114,51.27500153,133
1631,2006-06-19,48.02664948,17.33124924,66.32499695,110
1632,2006-06-20,52.00544739,18.10625076,57.09999847,122
1633,2006-06-21,58.05168533,16.73125076,49.40000153,121
1634,2006-06-22,56.18847275,15.30000019,46.42499924,123
1635,2006-06-23,50.60388947,16.00625038,45.375,139
1636,2006-06-24,69.29321289,18.46249962,46.17499924,139
1637,2006-06-25,76.43444061,18.23749924,51.59999847,118
1638,2006-06-26,46.10419083,14.80000019,86.92500305,153
1639,2006-06-27,34.43537521,15.01875019,64.375,118
1640,2006-06-28,34.58872223,16.84375,48.32500076,125
1641,2006-06-29,41.37454605,17.82500076,52.09999847,112
1642,2006-06-30,58.65916443,20.02499962,35.25,153
1643,2006-07-01,82.61553192,21.66250038,39.15000153,144
1644,2006-07-02,96.99435425,24.49374962,38.67499924,166
1645,2006-07-03,94.1566925,23.60625076,37.22499847,159
1646,2006-07-04,83.35961151,23.74374962,52.04999924,150
1647,2006-07-05,57.26516724,20.64999962,80.84999847,114
1648,2006-07-06,59.98583221,20.76250076,74.625,141
1649,2006-07-07,33.38386536,18.95624924,61.75,129
1650,2006-07-08,44.97162247,17.71875,49.42499924,106
1651,2006-07-09,52.23632813,18.5,71.625,124
1652,2006-07-10,26.25625992,18.02499962,77.09999847,118
1653,2006-07-11,37.38050461,20.43124962,51.57500076,111
1654,2006-07-12,51.35799789,19.70000076,42.27500153,114
1655,2006-07-13,36.36552811,18.29374886,63.70000076,127
1656,2006-07-14,49.01291656,17.26874924,49.5,113
1657,2006-07-15,57.07985687,19.22500038,48.22499847,130
1658,2006-07-16,68.25134277,21.48749924,46.84999847,144
1659,2006-07-17,76.12029266,23.25,34.47499847,132
1660,2006-07-18,90.92737579,23.95624924,35.40000153,153
1661,2006-07-19,104.1068115,26.13750076,40.82500076,163
1662,2006-07-20,87.15690613,24.89999962,46.92500305,123
1663,2006-07-21,77.01991272,24.07499886,49.25,145
1664,2006-07-22,61.21061707,24.39374924,74.15000153,157
1665,2006-07-23,41.57774353,21.53750038,64.5,142
1666,2006-07-24,45.6048584,22.25,45.77595901,153
1667,2006-07-25,58.75740433,24.46919632,46.70000076,145
1668,2006-07-26,95.8890686,25.85625076,49.20000076,139
1669,2006-07-27,73.56063843,24.57500076,52.02500153,163
1670,2006-07-28,47.71439362,22.45624924,61.40000153,142
1671,2006-07-29,40.01533127,21.10625076,53.70000076,147
1672,2006-07-30,49.81376266,21.35000038,45.57500076,109
1673,2006-07-31,49.34656143,19.81466675,52.59999847,133
1674,2006-08-01,37.4721756,18.11875153,55.84999847,138
1675,2006-08-02,40.26203156,18.11874962,46.79999924,141
1676,2006-08-03,31.69281197,16.91875076,76.27500153,126
1677,2006-08-04,27.93038559,16.88750076,57.40000153,135
1678,2006-08-05,37.36457443,19.99374962,48.65000153,110
1679,2006-08-06,24.24827385,22.19375038,51.84999847,136
1680,2006-08-07,19.28486061,20.68124962,79.625,135
1681,2006-08-08,46.62916183,18.13124847,46.20000076,130
1682,2006-08-09,35.38241196,18.60000038,53.22499847,128
1683,2006-08-10,36.6765976,16.52499962,58.84999847,121
1684,2006-08-11,37.76376724,16.13750076,49.92816162,128
1685,2006-08-12,40.55501938,15.94999981,72.82499695,121
1686,2006-08-13,42.52536774,16.14810371,83.75,137
1687,2006-08-14,18.48950958,15.31726265,82.52500153,124
1688,2006-08-15,36.87188339,17.01874924,60.5,121
1689,2006-08-16,36.34645081,17.09375,64.34999847,116
1690,2006-08-17,32.77491379,18.41250038,64.90000153,103
1691,2006-08-18,39.55367279,17.51874924,77.67500305,116
1692,2006-08-19,48.18127823,17.77499962,73.45000458,130
1693,2006-08-20,53.37074661,17.65625,74.07499695,121
1694,2006-08-21,29.79769516,17.1875,69.52500153,129
1695,2006-08-22,30.50379181,16.01250076,59.84999847,138
1696,2006-08-23,24.73087883,17.26250076,78.25,114
1697,2006-08-24,19.88904572,17.47500038,69.97499847,117
1698,2006-08-25,29.91301918,15.92500019,50.92499924,133
1699,2006-08-26,25.93335724,17.14999962,73.94999695,153
1700,2006-08-27,33.79297256,16.98125076,56.25,127
1701,2006-08-28,36.37731171,16.39999962,62.27500153,125
1702,2006-08-29,26.62828064,15.54374981,69.52500153,152
1703,2006-08-30,26.97395134,15.35000038,58.02500153,113
1704,2006-08-31,33.33904266,18.82500076,69.15000153,121
1705,2006-09-01,30.53361702,18.58124924,71.18526459,116
1706,2006-09-02,34.69079971,16.8125,81.71215057,125
1707,2006-09-03,35.99200439,21.07499886,72.80425262,106
1708,2006-09-04,34.93011093,19.35625076,61.5,141
1709,2006-09-05,14.98645115,21.36249924,66.92500305,134
1710,2006-09-06,23.15003777,21.55624962,61.97499847,129
1711,2006-09-07,42.0352478,16.86249924,52.57500076,118
1712,2006-09-08,39.34360123,14.96249962,54.75,131
1713,2006-09-09,35.83702469,16.78750038,53,128
1714,2006-09-10,40.65550613,18.51249886,52.82500076,129
1715,2006-09-11,39.14384842,21.30624962,45.42499924,140
1716,2006-09-12,11.33396721,18.875,80.57499695,132
1717,2006-09-13,30.45082283,19.82500076,76.52500153,122
1718,2006-09-14,23.57309723,18.63125038,77.52500153,117
1719,2006-09-15,39.54468155,17.99374962,75.82499695,124
1720,2006-09-16,64.83004761,18.46249962,78.55000305,124
1721,2006-09-17,47.02633286,19.67499924,60.34999847,115
1722,2006-09-18,35.38235474,17.93124962,63.55000305,102
1723,2006-09-19,38.65420151,16.41250038,57.79999924,128
1724,2006-09-20,40.72227859,17.21875,62.54999924,124
1725,2006-09-21,59.00423813,22.0625,52.29999924,115
1726,2006-09-22,35.36691666,18.03125,90.07499695,138
1727,2006-09-23,21.14227486,17.94052505,72.12400818,130
1728,2006-09-24,34.1912117,19.01874924,70.04839325,121
1729,2006-09-25,6.055644989,16.97112656,85.32801056,117
1730,2006-09-26,17.38529205,16.44375038,70.25,119
1731,2006-09-27,35.27676392,15.60624981,74.90000153,139
1732,2006-09-28,27.11109734,17.85625076,81.5,120
1733,2006-09-29,28.10171509,17.11249924,85.57499695,115
1734,2006-09-30,36.64672089,15.54374981,83.69999695,134
1735,2006-10-01,50.09417725,16.5,79.22499847,136
1736,2006-10-02,37.87157059,15.33125019,83.59999847,104
1737,2006-10-03,20.36363602,12.43124962,74.6499939,105
1738,2006-10-04,24.09090996,12.22500038,60.52500153,128
1739,2006-10-05,23.90909004,11.58749962,89.28798676,128
1740,2006-10-06,38.45454407,15.19999981,81.625,134
1741,2006-10-07,35.54545593,12.94999981,58.27500153,134
1742,2006-10-08,35.54545593,13.34375,67.22499847,111
1743,2006-10-09,26.72727203,16.75625038,78.44999695,130
1744,2006-10-10,11.45454502,17.85625076,83.15000153,140
1745,2006-10-11,10.45454502,17.03125,87.19999695,126
1746,2006-10-12,17.18181801,13.30624962,72.09999847,120
1747,2006-10-13,7.636363506,14.04374981,76.92500305,116
1748,2006-10-14,18,13.55624962,81.75,110
1749,2006-10-15,41.27272797,14.6875,73.80000305,130
1750,2006-10-16,9,14.86874962,76.19999695,140
1751,2006-10-17,10.72727299,13.74374962,81.72499847,131
1752,2006-10-18,11.72727299,15.78750038,83.80000305,120
1753,2006-10-19,38.27272797,15.48124981,74.92500305,126
1754,2006-10-20,43,15.30624962,76.72499847,140
1755,2006-10-21,47.36363602,14.97500038,76.42500305,125
1756,2006-10-22,44.54545593,13.56875038,83.84999847,149
1757,2006-10-23,17.45454597,12.625,83.32499695,135
1758,2006-10-24,12.81818199,12.4375,76.625,119
1759,2006-10-25,12.63636398,11.83750057,81.375,141
1760,2006-10-26,39.09090805,15.03750038,76.25,138
1761,2006-10-27,17.18181801,10.20625019,70.65000153,141
1762,2006-10-28,30.28202438,13.23750019,83.90000153,114
1763,2006-10-29,26.13880157,13.96875,69.42500305,146
1764,2006-10-30,16.47360039,13.03749943,84.57499695,140
1765,2006-10-31,45.78678131,12.1480751,61.52500153,137
1766,2006-11-01,27.2326355,6.3155756,60.02500153,123
1767,2006-11-02,12.4048605,5.00099659,61.82499695,141
1768,2006-11-03,6.636363506,5.622855186,65.79999542,145
1769,2006-11-04,7.363636494,5.429947853,69.22499847,132
1770,2006-11-05,12,8.068025589,76.375,154
1771,2006-11-06,5,8.146960258,79.15000153,146
1772,2006-11-07,3.272727251,7.374926567,87.30000305,134
1773,2006-11-08,13.81818199,10.44808102,87.6000061,130
1774,2006-11-09,17.45454597,8.768320084,67.77500153,145
1775,2006-11-10,13.63636398,7.103260994,75.72499847,137
1776,2006-11-11,39.18181992,10.2472744,71.15000153,119
1777,2006-11-12,37.63636398,9.97584343,71.42500305,140
1778,2006-11-13,38.36363602,12.82011032,74.42500305,142
1779,2006-11-14,33.90909195,12.09076881,86.42500305,141
1780,2006-11-15,34.90909195,12.69830322,79.52500153,147
1781,2006-11-16,21.72727203,10.71148491,85.27500153,140
1782,2006-11-17,31.36363602,9.246699333,74.77500153,135
1783,2006-11-18,25.54545403,6.6304245,64.34999847,119
1784,2006-11-19,27.18181801,6.102134228,73.05000305,125
1785,2006-11-20,31.63636398,9.246232986,85.77500153,155
1786,2006-11-21,30,6.573288918,75.80000305,134
1787,2006-11-22,23.63636398,7.723817825,83.625,136
1788,2006-11-23,45.18181992,9.846475601,69.27500153,133
1789,2006-11-24,30.18181801,10.25424957,83.80000305,138
1790,2006-11-25,47,11.13320732,74.67500305,141
1791,2006-11-26,42.72727203,9.710943222,83.94999695,139
1792,2006-11-27,39.72727203,11.83309174,77.59999847,139
1793,2006-11-28,26.90909004,11.28299427,80.0249939,140
1794,2006-11-29,24.36363602,9.160434723,79.27500153,138
1795,2006-11-30,27,9.103074074,77.55000305,128
1796,2006-12-01,27.36363602,10.41072178,92.47499847,149
1797,2006-12-02,37.54545593,10.20371628,79.02500153,113
1798,2006-12-03,61.18181992,8.938455582,71.44999695,147
1799,2006-12-04,48.18181992,10.51803112,74.69999695,151
1800,2006-12-05,56,11.19701385,77.82499695,136
1801,2006-12-06,44.27272797,8.738705635,63.375,144
1802,2006-12-07,57.93379211,8.445519447,76.40000153,126
1803,2006-12-08,20.72727203,7.030614376,77.55000305,148
1804,2006-12-09,10.090909,4.879362106,77.52500153,140
1805,2006-12-10,28.45454597,5.022549152,77.69999695,132
1806,2006-12-11,33.64922714,7.973957062,88.02500153,142
1807,2006-12-12,38.06098175,7.266461849,76.02500153,143
1808,2006-12-13,50.85562897,10.26084042,76.40000153,140
1809,2006-12-14,55.99954224,11.59713268,72.55000305,134
1810,2006-12-15,42.47027206,11.23736858,80,127
1811,2006-12-16,18.33901596,7.523171425,82,153
1812,2006-12-17,13.60883045,5.584123135,80.02500153,141
1813,2006-12-18,2.049387455,5.275587559,88.375,135
1814,2006-12-19,1.952392817,1.770664215,92.59999847,152
1815,2006-12-20,1.636363626,0.012333147,95.32499695,133
1816,2006-12-21,1.272727251,-0.630909204,97.82499695,132
1817,2006-12-22,1.181818128,-0.269924134,98.86263275,169
1818,2006-12-23,7.454545498,1.733931422,94.34999847,147
1819,2006-12-24,28.54545403,4.714353085,86.07499695,162
1820,2006-12-25,27.81818199,5.207513809,84.44999695,137
1821,2006-12-26,10.090909,5.471939087,83.80000305,162
1822,2006-12-27,5.818181992,5.478919506,85.47499847,153
1823,2006-12-28,23.18181801,7.93744278,85.84999847,157
1824,2006-12-29,37.72727203,8.009419441,88.02500153,153
1825,2006-12-30,56.81818008,9.731785774,84.19999695,143
1826,2006-12-31,56.36363602,10.01869106,85.5249939,137
